[INFO] Scanning for projects...
[INFO] 
[INFO] --------------------------< com.datn:engflow >--------------------------
[INFO] Building engflow 0.0.1-SNAPSHOT
[INFO]   from pom.xml
[INFO] --------------------------------[ jar ]---------------------------------
[INFO] 
[INFO] --- resources:3.3.1:resources (default-resources) @ engflow ---
[INFO] Copying 1 resource from src\main\resources to target\classes
[INFO] Copying 479 resources from src\main\resources to target\classes
[INFO] 
[INFO] --- compiler:3.14.1:compile (default-compile) @ engflow ---
[INFO] Recompiling the module because of changed source code.
[INFO] Compiling 196 source files with javac [debug parameters release 25] to target\classes
WARNING: A terminally deprecated method in sun.misc.Unsafe has been called
WARNING: sun.misc.Unsafe::objectFieldOffset has been called by lombok.permit.Permit
WARNING: Please consider reporting this to the maintainers of class lombok.permit.Permit
WARNING: sun.misc.Unsafe::objectFieldOffset will be removed in a future release
[WARNING] /C:/Users/ASUS/Documents/LAPTRINH/engflow/src/main/java/com/datn/engflow/config/RedisConfig.java:[29,41] org.springframework.data.redis.serializer.GenericJackson2JsonRedisSerializer in org.springframework.data.redis.serializer has been deprecated and marked for removal
[WARNING] /C:/Users/ASUS/Documents/LAPTRINH/engflow/src/main/java/com/datn/engflow/config/RedisConfig.java:[31,45] org.springframework.data.redis.serializer.GenericJackson2JsonRedisSerializer in org.springframework.data.redis.serializer has been deprecated and marked for removal
[WARNING] /C:/Users/ASUS/Documents/LAPTRINH/engflow/src/main/java/com/datn/engflow/config/RedisConfig.java:[47,101] org.springframework.data.redis.serializer.GenericJackson2JsonRedisSerializer in org.springframework.data.redis.serializer has been deprecated and marked for removal
[INFO] /C:/Users/ASUS/Documents/LAPTRINH/engflow/src/main/java/com/datn/engflow/security/JwtAuthenticationFilter.java: Some input files use or override a deprecated API.
[INFO] /C:/Users/ASUS/Documents/LAPTRINH/engflow/src/main/java/com/datn/engflow/security/JwtAuthenticationFilter.java: Recompile with -Xlint:deprecation for details.
[INFO] 
[INFO] --- resources:3.3.1:testResources (default-testResources) @ engflow ---
[INFO] Copying 0 resource from src\test\resources to target\test-classes
[INFO] 
[INFO] --- compiler:3.14.1:testCompile (default-testCompile) @ engflow ---
[INFO] Recompiling the module because of changed dependency.
[INFO] Compiling 84 source files with javac [debug parameters release 25] to target\test-classes
[INFO] /C:/Users/ASUS/Documents/LAPTRINH/engflow/src/test/java/com/datn/engflow/service/PaymentServiceTest.java: C:\Users\ASUS\Documents\LAPTRINH\engflow\src\test\java\com\datn\engflow\service\PaymentServiceTest.java uses or overrides a deprecated API.
[INFO] /C:/Users/ASUS/Documents/LAPTRINH/engflow/src/test/java/com/datn/engflow/service/PaymentServiceTest.java: Recompile with -Xlint:deprecation for details.
[INFO] /C:/Users/ASUS/Documents/LAPTRINH/engflow/src/test/java/com/datn/engflow/service/ExerciseServiceMultipleChoiceOptionsTest.java: C:\Users\ASUS\Documents\LAPTRINH\engflow\src\test\java\com\datn\engflow\service\ExerciseServiceMultipleChoiceOptionsTest.java uses unchecked or unsafe operations.
[INFO] /C:/Users/ASUS/Documents/LAPTRINH/engflow/src/test/java/com/datn/engflow/service/ExerciseServiceMultipleChoiceOptionsTest.java: Recompile with -Xlint:unchecked for details.
[INFO] 
[INFO] --- surefire:3.5.5:test (default-test) @ engflow ---
[INFO] Using auto detected provider org.apache.maven.surefire.junitplatform.JUnitPlatformProvider
[INFO] 
[INFO] -------------------------------------------------------
[INFO]  T E S T S
[INFO] -------------------------------------------------------
[INFO] Running com.datn.engflow.AnswerExtractionTests
[INFO] Tests run: 9, Failures: 0, Errors: 0, Skipped: 0, Time elapsed: 0.069 s -- in com.datn.engflow.AnswerExtractionTests
[INFO] Running com.datn.engflow.config.SpeakingSubmissionStatusMigrationTest
Mockito is currently self-attaching to enable the inline-mock-maker. This will no longer work in future releases of the JDK. Please add Mockito as an agent to your build as described in Mockito's documentation: https://javadoc.io/doc/org.mockito/mockito-core/latest/org.mockito/org/mockito/Mockito.html#0.3
WARNING: A Java agent has been loaded dynamically (C:\Users\ASUS\.m2\repository\net\bytebuddy\byte-buddy-agent\1.17.8\byte-buddy-agent-1.17.8.jar)
WARNING: If a serviceability tool is in use, please run with -XX:+EnableDynamicAgentLoading to hide this warning
WARNING: If a serviceability tool is not in use, please run with -Djdk.instrument.traceUsage for more information
WARNING: Dynamic loading of agents will be disallowed by default in a future release
OpenJDK 64-Bit Server VM warning: Sharing is only supported for boot loader classes because bootstrap classpath has been appended
19:40:15.842 [main] INFO com.datn.engflow.config.SpeakingSubmissionStatusMigration -- Expanded video submission status constraint for manual grading
[INFO] Tests run: 3, Failures: 0, Errors: 0, Skipped: 0, Time elapsed: 1.089 s -- in com.datn.engflow.config.SpeakingSubmissionStatusMigrationTest
[INFO] Running com.datn.engflow.controller.AiVocabSaveVocabValidationTest
19:40:16.028 [main] INFO org.springframework.test.context.support.AnnotationConfigContextLoaderUtils -- Could not detect default configuration classes for test class [com.datn.engflow.controller.AiVocabSaveVocabValidationTest]: AiVocabSaveVocabValidationTest does not declare any static, non-private, non-final, nested classes annotated with @Configuration.
19:40:16.252 [main] INFO org.springframework.boot.test.context.SpringBootTestContextBootstrapper -- Found @SpringBootConfiguration com.datn.engflow.EngflowApplication for test class com.datn.engflow.controller.AiVocabSaveVocabValidationTest
19:40:16.473 [main] INFO org.springframework.test.context.support.AnnotationConfigContextLoaderUtils -- Could not detect default configuration classes for test class [com.datn.engflow.controller.AiVocabSaveVocabValidationTest]: AiVocabSaveVocabValidationTest does not declare any static, non-private, non-final, nested classes annotated with @Configuration.
19:40:16.477 [main] INFO org.springframework.boot.test.context.SpringBootTestContextBootstrapper -- Found @SpringBootConfiguration com.datn.engflow.EngflowApplication for test class com.datn.engflow.controller.AiVocabSaveVocabValidationTest

  .   ____          _            __ _ _
 /\\ / ___'_ __ _ _(_)_ __  __ _ \ \ \ \
( ( )\___ | '_ | '_| | '_ \/ _` | \ \ \ \
 \\/  ___)| |_)| | | | | || (_| |  ) ) ) )
  '  |____| .__|_| |_|_| |_\__, | / / / /
 =========|_|==============|___/=/_/_/_/

 :: Spring Boot ::                (v4.0.6)

2026-09-27T19:40:16.866+07:00  INFO 22360 --- [engflow] [           main] c.d.e.c.AiVocabSaveVocabValidationTest   : Starting AiVocabSaveVocabValidationTest using Java 25.0.3 with PID 22360 (started by ASUS in C:\Users\ASUS\Documents\LAPTRINH\engflow)
2026-09-27T19:40:16.867+07:00  INFO 22360 --- [engflow] [           main] c.d.e.c.AiVocabSaveVocabValidationTest   : No active profile set, falling back to 1 default profile: "default"
2026-09-27T19:40:18.288+07:00  INFO 22360 --- [engflow] [           main] .s.d.r.c.RepositoryConfigurationDelegate : Multiple Spring Data modules found, entering strict repository configuration mode
2026-09-27T19:40:18.291+07:00  INFO 22360 --- [engflow] [           main] .s.d.r.c.RepositoryConfigurationDelegate : Bootstrapping Spring Data JPA repositories in DEFAULT mode.
2026-09-27T19:40:18.558+07:00  INFO 22360 --- [engflow] [           main] .s.d.r.c.RepositoryConfigurationDelegate : Finished Spring Data repository scanning in 254 ms. Found 17 JPA repository interfaces.
2026-09-27T19:40:18.630+07:00  INFO 22360 --- [engflow] [           main] .s.d.r.c.RepositoryConfigurationDelegate : Multiple Spring Data modules found, entering strict repository configuration mode
2026-09-27T19:40:18.632+07:00  INFO 22360 --- [engflow] [           main] .s.d.r.c.RepositoryConfigurationDelegate : Bootstrapping Spring Data Redis repositories in DEFAULT mode.
2026-09-27T19:40:18.661+07:00  INFO 22360 --- [engflow] [           main] .RepositoryConfigurationExtensionSupport : Spring Data Redis - Could not safely identify store assignment for repository candidate interface com.datn.engflow.repository.DeckRepository; If you want this repository to be a Redis repository, consider annotating your entities with one of these annotations: org.springframework.data.redis.core.RedisHash (preferred), or consider extending one of the following types with your repository: org.springframework.data.keyvalue.repository.KeyValueRepository
2026-09-27T19:40:18.662+07:00  INFO 22360 --- [engflow] [           main] .RepositoryConfigurationExtensionSupport : Spring Data Redis - Could not safely identify store assignment for repository candidate interface com.datn.engflow.repository.DeckWordRepository; If you want this repository to be a Redis repository, consider annotating your entities with one of these annotations: org.springframework.data.redis.core.RedisHash (preferred), or consider extending one of the following types with your repository: org.springframework.data.keyvalue.repository.KeyValueRepository
2026-09-27T19:40:18.662+07:00  INFO 22360 --- [engflow] [           main] .RepositoryConfigurationExtensionSupport : Spring Data Redis - Could not safely identify store assignment for repository candidate interface com.datn.engflow.repository.ExerciseAttemptRepository; If you want this repository to be a Redis repository, consider annotating your entities with one of these annotations: org.springframework.data.redis.core.RedisHash (preferred), or consider extending one of the following types with your repository: org.springframework.data.keyvalue.repository.KeyValueRepository
2026-09-27T19:40:18.662+07:00  INFO 22360 --- [engflow] [           main] .RepositoryConfigurationExtensionSupport : Spring Data Redis - Could not safely identify store assignment for repository candidate interface com.datn.engflow.repository.ExerciseRepository; If you want this repository to be a Redis repository, consider annotating your entities with one of these annotations: org.springframework.data.redis.core.RedisHash (preferred), or consider extending one of the following types with your repository: org.springframework.data.keyvalue.repository.KeyValueRepository
2026-09-27T19:40:18.663+07:00  INFO 22360 --- [engflow] [           main] .RepositoryConfigurationExtensionSupport : Spring Data Redis - Could not safely identify store assignment for repository candidate interface com.datn.engflow.repository.LessonRepository; If you want this repository to be a Redis repository, consider annotating your entities with one of these annotations: org.springframework.data.redis.core.RedisHash (preferred), or consider extending one of the following types with your repository: org.springframework.data.keyvalue.repository.KeyValueRepository
2026-09-27T19:40:18.663+07:00  INFO 22360 --- [engflow] [           main] .RepositoryConfigurationExtensionSupport : Spring Data Redis - Could not safely identify store assignment for repository candidate interface com.datn.engflow.repository.LessonSubmissionRepository; If you want this repository to be a Redis repository, consider annotating your entities with one of these annotations: org.springframework.data.redis.core.RedisHash (preferred), or consider extending one of the following types with your repository: org.springframework.data.keyvalue.repository.KeyValueRepository
2026-09-27T19:40:18.663+07:00  INFO 22360 --- [engflow] [           main] .RepositoryConfigurationExtensionSupport : Spring Data Redis - Could not safely identify store assignment for repository candidate interface com.datn.engflow.repository.PaymentTransactionRepository; If you want this repository to be a Redis repository, consider annotating your entities with one of these annotations: org.springframework.data.redis.core.RedisHash (preferred), or consider extending one of the following types with your repository: org.springframework.data.keyvalue.repository.KeyValueRepository
2026-09-27T19:40:18.663+07:00  INFO 22360 --- [engflow] [           main] .RepositoryConfigurationExtensionSupport : Spring Data Redis - Could not safely identify store assignment for repository candidate interface com.datn.engflow.repository.ProgressRepository; If you want this repository to be a Redis repository, consider annotating your entities with one of these annotations: org.springframework.data.redis.core.RedisHash (preferred), or consider extending one of the following types with your repository: org.springframework.data.keyvalue.repository.KeyValueRepository
2026-09-27T19:40:18.663+07:00  INFO 22360 --- [engflow] [           main] .RepositoryConfigurationExtensionSupport : Spring Data Redis - Could not safely identify store assignment for repository candidate interface com.datn.engflow.repository.SpeakingPromptRepository; If you want this repository to be a Redis repository, consider annotating your entities with one of these annotations: org.springframework.data.redis.core.RedisHash (preferred), or consider extending one of the following types with your repository: org.springframework.data.keyvalue.repository.KeyValueRepository
2026-09-27T19:40:18.663+07:00  INFO 22360 --- [engflow] [           main] .RepositoryConfigurationExtensionSupport : Spring Data Redis - Could not safely identify store assignment for repository candidate interface com.datn.engflow.repository.SpeakingSubmissionRepository; If you want this repository to be a Redis repository, consider annotating your entities with one of these annotations: org.springframework.data.redis.core.RedisHash (preferred), or consider extending one of the following types with your repository: org.springframework.data.keyvalue.repository.KeyValueRepository
2026-09-27T19:40:18.664+07:00  INFO 22360 --- [engflow] [           main] .RepositoryConfigurationExtensionSupport : Spring Data Redis - Could not safely identify store assignment for repository candidate interface com.datn.engflow.repository.StudyDayRepository; If you want this repository to be a Redis repository, consider annotating your entities with one of these annotations: org.springframework.data.redis.core.RedisHash (preferred), or consider extending one of the following types with your repository: org.springframework.data.keyvalue.repository.KeyValueRepository
2026-09-27T19:40:18.664+07:00  INFO 22360 --- [engflow] [           main] .RepositoryConfigurationExtensionSupport : Spring Data Redis - Could not safely identify store assignment for repository candidate interface com.datn.engflow.repository.StudyPolicyRepository; If you want this repository to be a Redis repository, consider annotating your entities with one of these annotations: org.springframework.data.redis.core.RedisHash (preferred), or consider extending one of the following types with your repository: org.springframework.data.keyvalue.repository.KeyValueRepository
2026-09-27T19:40:18.665+07:00  INFO 22360 --- [engflow] [           main] .RepositoryConfigurationExtensionSupport : Spring Data Redis - Could not safely identify store assignment for repository candidate interface com.datn.engflow.repository.UserRepository; If you want this repository to be a Redis repository, consider annotating your entities with one of these annotations: org.springframework.data.redis.core.RedisHash (preferred), or consider extending one of the following types with your repository: org.springframework.data.keyvalue.repository.KeyValueRepository
2026-09-27T19:40:18.665+07:00  INFO 22360 --- [engflow] [           main] .RepositoryConfigurationExtensionSupport : Spring Data Redis - Could not safely identify store assignment for repository candidate interface com.datn.engflow.repository.UserVocabularyProgressRepository; If you want this repository to be a Redis repository, consider annotating your entities with one of these annotations: org.springframework.data.redis.core.RedisHash (preferred), or consider extending one of the following types with your repository: org.springframework.data.keyvalue.repository.KeyValueRepository
2026-09-27T19:40:18.665+07:00  INFO 22360 --- [engflow] [           main] .RepositoryConfigurationExtensionSupport : Spring Data Redis - Could not safely identify store assignment for repository candidate interface com.datn.engflow.repository.VideoAttemptRepository; If you want this repository to be a Redis repository, consider annotating your entities with one of these annotations: org.springframework.data.redis.core.RedisHash (preferred), or consider extending one of the following types with your repository: org.springframework.data.keyvalue.repository.KeyValueRepository
2026-09-27T19:40:18.665+07:00  INFO 22360 --- [engflow] [           main] .RepositoryConfigurationExtensionSupport : Spring Data Redis - Could not safely identify store assignment for repository candidate interface com.datn.engflow.repository.VideoLessonRepository; If you want this repository to be a Redis repository, consider annotating your entities with one of these annotations: org.springframework.data.redis.core.RedisHash (preferred), or consider extending one of the following types with your repository: org.springframework.data.keyvalue.repository.KeyValueRepository
2026-09-27T19:40:18.665+07:00  INFO 22360 --- [engflow] [           main] .RepositoryConfigurationExtensionSupport : Spring Data Redis - Could not safely identify store assignment for repository candidate interface com.datn.engflow.repository.VocabularyRepository; If you want this repository to be a Redis repository, consider annotating your entities with one of these annotations: org.springframework.data.redis.core.RedisHash (preferred), or consider extending one of the following types with your repository: org.springframework.data.keyvalue.repository.KeyValueRepository
2026-09-27T19:40:18.665+07:00  INFO 22360 --- [engflow] [           main] .s.d.r.c.RepositoryConfigurationDelegate : Finished Spring Data repository scanning in 17 ms. Found 0 Redis repository interfaces.
2026-09-27T19:40:19.506+07:00  INFO 22360 --- [engflow] [           main] org.hibernate.orm.jpa                    : HHH008540: Processing PersistenceUnitInfo [name: default]
2026-09-27T19:40:19.573+07:00  INFO 22360 --- [engflow] [           main] org.hibernate.orm.core                   : HHH000001: Hibernate ORM core version 7.2.12.Final
2026-09-27T19:40:19.904+07:00  INFO 22360 --- [engflow] [           main] o.s.o.j.p.SpringPersistenceUnitInfo      : No LoadTimeWeaver setup: ignoring JPA class transformer
2026-09-27T19:40:19.935+07:00  INFO 22360 --- [engflow] [           main] com.zaxxer.hikari.HikariDataSource       : HikariPool-1 - Starting...
2026-09-27T19:40:20.275+07:00  INFO 22360 --- [engflow] [           main] com.zaxxer.hikari.pool.HikariPool        : HikariPool-1 - Added connection ConnectionID:1 ClientConnectionId: fb9672f3-1382-4688-9a61-88ef72f093f8
2026-09-27T19:40:20.278+07:00  INFO 22360 --- [engflow] [           main] com.zaxxer.hikari.HikariDataSource       : HikariPool-1 - Start completed.
2026-09-27T19:40:20.383+07:00  INFO 22360 --- [engflow] [           main] org.hibernate.orm.connections.pooling    : HHH10001005: Database info:
	Database JDBC URL [jdbc:sqlserver://localhost:1433;concatNullYieldsNull=ON;quotedIdentifier=ON;connectRetryInterval=10;connectRetryCount=1;maxResultBuffer=-1;sendTemporalDataTypesAsStringForBulkCopy=true;delayLoadingLobs=true;useFmtOnly=false;vectorTypeSupport=v1;cacheBulkCopyMetadata=false;bulkCopyForBatchInsertAllowEncryptedValueModifications=false;bulkCopyForBatchInsertTableLock=false;bulkCopyForBatchInsertKeepNulls=false;bulkCopyForBatchInsertKeepIdentity=false;bulkCopyForBatchInsertFireTriggers=false;bulkCopyForBatchInsertCheckConstraints=false;bulkCopyForBatchInsertBatchSize=0;useBulkCopyForBatchInsert=false;cancelQueryTimeout=-1;sslProtocol=TLS;calcBigDecimalPrecision=false;useDefaultJaasConfig=false;jaasConfigurationName=SQLJDBCDriver;statementPoolingCacheSize=0;serverPreparedStatementDiscardThreshold=10;enablePrepareOnFirstPreparedStatementCall=false;fips=false;socketTimeout=0;authentication=NotSpecified;authenticationScheme=nativeAuthentication;xopenStates=false;datetimeParameterType=datetime2;sendTimeAsDatetime=true;replication=false;trustStoreType=JKS;trustServerCertificate=true;TransparentNetworkIPResolution=true;iPAddressPreference=IPv4First;serverNameAsACE=false;sendStringParametersAsUnicode=true;selectMethod=direct;responseBuffering=adaptive;queryTimeout=-1;packetSize=8000;multiSubnetFailover=false;loginTimeout=30;lockTimeout=-1;lastUpdateCount=true;useDefaultGSSCredential=false;prepareMethod=prepexec;encrypt=true;disableStatementPooling=true;databaseName=english_learning;columnEncryptionSetting=Disabled;applicationName=Microsoft JDBC Driver for SQL Server;applicationIntent=readwrite;]
	Database driver: Microsoft JDBC Driver 13.2 for SQL Server
	Database dialect: SQLServerDialect
	Database version: 15.0
	Default catalog/schema: english_learning/dbo
	Autocommit mode: undefined/unknown
	Isolation level: READ_COMMITTED [default READ_COMMITTED]
	JDBC fetch size: 128
	Pool: DataSourceConnectionProvider
	Minimum pool size: undefined/unknown
	Maximum pool size: undefined/unknown
2026-09-27T19:40:21.719+07:00  INFO 22360 --- [engflow] [           main] org.hibernate.orm.core                   : HHH000489: No JTA platform available (set 'hibernate.transaction.jta.platform' to enable JTA platform integration)
2026-09-27T19:40:22.483+07:00  INFO 22360 --- [engflow] [           main] j.LocalContainerEntityManagerFactoryBean : Initialized JPA EntityManagerFactory for persistence unit 'default'
2026-09-27T19:40:22.578+07:00  INFO 22360 --- [engflow] [           main] o.s.d.j.r.query.QueryEnhancerFactories   : Hibernate is in classpath; If applicable, HQL parser will be used.
2026-09-27T19:40:24.047+07:00  INFO 22360 --- [engflow] [           main] c.datn.engflow.config.ExerciseFixRunner  : ExerciseFixRunner created, enabled=false
2026-09-27T19:40:25.290+07:00  INFO 22360 --- [engflow] [           main] r$InitializeUserDetailsManagerConfigurer : Global AuthenticationManager configured with UserDetailsService bean with name customUserDetailsService
2026-09-27T19:40:25.730+07:00  INFO 22360 --- [engflow] [           main] c.datn.engflow.service.SePayApiService   : SePay API token configured. Webhook fallback polling is ENABLED.
2026-09-27T19:40:25.855+07:00  WARN 22360 --- [engflow] [           main] c.datn.engflow.service.AnswerKeyService  : AnswerKeyService: Could not find tienganh_nangcao_lessons.json
2026-09-27T19:40:25.925+07:00  WARN 22360 --- [engflow] [           main] JpaBaseConfiguration$JpaWebConfiguration : spring.jpa.open-in-view is enabled by default. Therefore, database queries may be performed during view rendering. Explicitly configure spring.jpa.open-in-view to disable this warning
2026-09-27T19:40:27.034+07:00  INFO 22360 --- [engflow] [           main] o.s.b.a.e.web.EndpointLinksResolver      : Exposing 1 endpoint beneath base path '/actuator'
2026-09-27T19:40:27.109+07:00  INFO 22360 --- [engflow] [           main] c.d.e.c.AiVocabSaveVocabValidationTest   : Started AiVocabSaveVocabValidationTest in 10.556 seconds (process running for 13.759)
2026-09-27T19:40:27.223+07:00  INFO 22360 --- [engflow] [           main] com.datn.engflow.config.DatabaseSeeder   : Dropped CHECK constraint on users.current_level
2026-09-27T19:40:27.371+07:00  INFO 22360 --- [engflow] [           main] com.datn.engflow.config.DatabaseSeeder   : Database already contains data. Skipping execution of data.sql.
2026-09-27T19:40:27.371+07:00  WARN 22360 --- [engflow] [           main] com.datn.engflow.config.DatabaseSeeder   : SECURITY: default seed accounts use the fallback password 'password123'. Set DEFAULT_ADMIN_PASSWORD / DEFAULT_USER_PASSWORD before any non-local deploy.
2026-09-27T19:40:27.430+07:00  INFO 22360 --- [engflow] [           main] com.datn.engflow.config.DatabaseSeeder   : User user@gmail.com already exists. Skipping (password not overwritten).
2026-09-27T19:40:27.446+07:00  INFO 22360 --- [engflow] [           main] com.datn.engflow.config.DatabaseSeeder   : User admin@gmail.com already exists. Skipping (password not overwritten).
2026-09-27T19:40:27.455+07:00  INFO 22360 --- [engflow] [           main] c.datn.engflow.config.ExerciseFixRunner  : ExerciseFixRunner.run() called, enabled=false
2026-09-27T19:40:27.455+07:00  INFO 22360 --- [engflow] [           main] c.datn.engflow.config.ExerciseFixRunner  : ExerciseFixRunner: SKIPPED (engflow.exercise-fix.enabled=false)
2026-09-27T19:40:27.518+07:00  INFO 22360 --- [engflow] [           main] com.datn.engflow.EngflowApplication      : Flyway beans detected: 0
2026-09-27T19:40:27.564+07:00  INFO 22360 --- [engflow] [           main] o.s.b.t.m.w.SpringBootMockServletContext : Initializing Spring TestDispatcherServlet ''
2026-09-27T19:40:27.564+07:00  INFO 22360 --- [engflow] [           main] o.s.t.web.servlet.TestDispatcherServlet  : Initializing Servlet ''
2026-09-27T19:40:27.565+07:00  INFO 22360 --- [engflow] [           main] o.s.t.web.servlet.TestDispatcherServlet  : Completed initialization in 1 ms
2026-09-27T19:40:27.820+07:00  INFO 22360 --- [engflow] [           main] o.s.b.t.m.w.SpringBootMockServletContext : Initializing Spring TestDispatcherServlet ''
2026-09-27T19:40:27.820+07:00  INFO 22360 --- [engflow] [           main] o.s.t.web.servlet.TestDispatcherServlet  : Initializing Servlet ''
2026-09-27T19:40:27.821+07:00  INFO 22360 --- [engflow] [           main] o.s.t.web.servlet.TestDispatcherServlet  : Completed initialization in 1 ms
2026-09-27T19:40:27.908+07:00  INFO 22360 --- [engflow] [           main] c.datn.engflow.service.AiVocabService    : Saved 1 AI-generated vocabulary words to DB
2026-09-27T19:40:28.010+07:00  INFO 22360 --- [engflow] [           main] o.s.b.t.m.w.SpringBootMockServletContext : Initializing Spring TestDispatcherServlet ''
2026-09-27T19:40:28.011+07:00  INFO 22360 --- [engflow] [           main] o.s.t.web.servlet.TestDispatcherServlet  : Initializing Servlet ''
2026-09-27T19:40:28.011+07:00  INFO 22360 --- [engflow] [           main] o.s.t.web.servlet.TestDispatcherServlet  : Completed initialization in 0 ms
2026-09-27T19:40:28.025+07:00  INFO 22360 --- [engflow] [           main] o.s.b.t.m.w.SpringBootMockServletContext : Initializing Spring TestDispatcherServlet ''
2026-09-27T19:40:28.025+07:00  INFO 22360 --- [engflow] [           main] o.s.t.web.servlet.TestDispatcherServlet  : Initializing Servlet ''
2026-09-27T19:40:28.026+07:00  INFO 22360 --- [engflow] [           main] o.s.t.web.servlet.TestDispatcherServlet  : Completed initialization in 1 ms
2026-09-27T19:40:28.032+07:00  INFO 22360 --- [engflow] [           main] c.datn.engflow.service.AiVocabService    : Saved 1 AI-generated vocabulary words to DB
2026-09-27T19:40:28.045+07:00  INFO 22360 --- [engflow] [           main] o.s.b.t.m.w.SpringBootMockServletContext : Initializing Spring TestDispatcherServlet ''
2026-09-27T19:40:28.046+07:00  INFO 22360 --- [engflow] [           main] o.s.t.web.servlet.TestDispatcherServlet  : Initializing Servlet ''
2026-09-27T19:40:28.047+07:00  INFO 22360 --- [engflow] [           main] o.s.t.web.servlet.TestDispatcherServlet  : Completed initialization in 1 ms
2026-09-27T19:40:28.061+07:00  INFO 22360 --- [engflow] [           main] o.s.b.t.m.w.SpringBootMockServletContext : Initializing Spring TestDispatcherServlet ''
2026-09-27T19:40:28.061+07:00  INFO 22360 --- [engflow] [           main] o.s.t.web.servlet.TestDispatcherServlet  : Initializing Servlet ''
2026-09-27T19:40:28.062+07:00  INFO 22360 --- [engflow] [           main] o.s.t.web.servlet.TestDispatcherServlet  : Completed initialization in 1 ms
2026-09-27T19:40:28.088+07:00  INFO 22360 --- [engflow] [           main] o.s.b.t.m.w.SpringBootMockServletContext : Initializing Spring TestDispatcherServlet ''
2026-09-27T19:40:28.088+07:00  INFO 22360 --- [engflow] [           main] o.s.t.web.servlet.TestDispatcherServlet  : Initializing Servlet ''
2026-09-27T19:40:28.089+07:00  INFO 22360 --- [engflow] [           main] o.s.t.web.servlet.TestDispatcherServlet  : Completed initialization in 1 ms
2026-09-27T19:40:28.099+07:00  INFO 22360 --- [engflow] [           main] c.datn.engflow.service.AiVocabService    : Saved 1 AI-generated vocabulary words to DB
[INFO] Tests run: 7, Failures: 0, Errors: 0, Skipped: 0, Time elapsed: 12.18 s -- in com.datn.engflow.controller.AiVocabSaveVocabValidationTest
[INFO] Running com.datn.engflow.controller.AuditV10DraftLessonSubmissionGuardTest
2026-09-27T19:40:28.111+07:00  INFO 22360 --- [engflow] [           main] t.c.s.AnnotationConfigContextLoaderUtils : Could not detect default configuration classes for test class [com.datn.engflow.controller.AuditV10DraftLessonSubmissionGuardTest]: AuditV10DraftLessonSubmissionGuardTest does not declare any static, non-private, non-final, nested classes annotated with @Configuration.
2026-09-27T19:40:28.114+07:00  INFO 22360 --- [engflow] [           main] .b.t.c.SpringBootTestContextBootstrapper : Found @SpringBootConfiguration com.datn.engflow.EngflowApplication for test class com.datn.engflow.controller.AuditV10DraftLessonSubmissionGuardTest
2026-09-27T19:40:28.115+07:00  INFO 22360 --- [engflow] [           main] t.c.s.AnnotationConfigContextLoaderUtils : Could not detect default configuration classes for test class [com.datn.engflow.controller.AuditV10DraftLessonSubmissionGuardTest]: AuditV10DraftLessonSubmissionGuardTest does not declare any static, non-private, non-final, nested classes annotated with @Configuration.
2026-09-27T19:40:28.117+07:00  INFO 22360 --- [engflow] [           main] .b.t.c.SpringBootTestContextBootstrapper : Found @SpringBootConfiguration com.datn.engflow.EngflowApplication for test class com.datn.engflow.controller.AuditV10DraftLessonSubmissionGuardTest
2026-09-27T19:40:28.131+07:00  INFO 22360 --- [engflow] [           main] o.s.b.t.m.w.SpringBootMockServletContext : Initializing Spring TestDispatcherServlet ''
2026-09-27T19:40:28.131+07:00  INFO 22360 --- [engflow] [           main] o.s.t.web.servlet.TestDispatcherServlet  : Initializing Servlet ''
2026-09-27T19:40:28.132+07:00  INFO 22360 --- [engflow] [           main] o.s.t.web.servlet.TestDispatcherServlet  : Completed initialization in 1 ms
2026-09-27T19:40:28.179+07:00  INFO 22360 --- [engflow] [           main] o.s.b.t.m.w.SpringBootMockServletContext : Initializing Spring TestDispatcherServlet ''
2026-09-27T19:40:28.179+07:00  INFO 22360 --- [engflow] [           main] o.s.t.web.servlet.TestDispatcherServlet  : Initializing Servlet ''
2026-09-27T19:40:28.180+07:00  INFO 22360 --- [engflow] [           main] o.s.t.web.servlet.TestDispatcherServlet  : Completed initialization in 1 ms
2026-09-27T19:40:28.204+07:00  INFO 22360 --- [engflow] [           main] o.s.b.t.m.w.SpringBootMockServletContext : Initializing Spring TestDispatcherServlet ''
2026-09-27T19:40:28.204+07:00  INFO 22360 --- [engflow] [           main] o.s.t.web.servlet.TestDispatcherServlet  : Initializing Servlet ''
2026-09-27T19:40:28.205+07:00  INFO 22360 --- [engflow] [           main] o.s.t.web.servlet.TestDispatcherServlet  : Completed initialization in 1 ms
2026-09-27T19:40:28.216+07:00  INFO 22360 --- [engflow] [           main] c.d.e.service.LessonSubmissionService    : L?u bài n?p bài h?c: user=zzsubadmin@test.com, lessonId=134721, skill=WRITING
2026-09-27T19:40:28.264+07:00  INFO 22360 --- [engflow] [           main] o.s.b.t.m.w.SpringBootMockServletContext : Initializing Spring TestDispatcherServlet ''
2026-09-27T19:40:28.264+07:00  INFO 22360 --- [engflow] [           main] o.s.t.web.servlet.TestDispatcherServlet  : Initializing Servlet ''
2026-09-27T19:40:28.265+07:00  INFO 22360 --- [engflow] [           main] o.s.t.web.servlet.TestDispatcherServlet  : Completed initialization in 1 ms
2026-09-27T19:40:28.274+07:00  INFO 22360 --- [engflow] [           main] c.d.e.service.LessonSubmissionService    : L?u bài n?p bài h?c: user=zzsubstudent@test.com, lessonId=134722, skill=WRITING
[INFO] Tests run: 4, Failures: 0, Errors: 0, Skipped: 0, Time elapsed: 0.178 s -- in com.datn.engflow.controller.AuditV10DraftLessonSubmissionGuardTest
[INFO] Running com.datn.engflow.controller.AuditV7SecurityWaveTest
2026-09-27T19:40:28.290+07:00  INFO 22360 --- [engflow] [           main] t.c.s.AnnotationConfigContextLoaderUtils : Could not detect default configuration classes for test class [com.datn.engflow.controller.AuditV7SecurityWaveTest]: AuditV7SecurityWaveTest does not declare any static, non-private, non-final, nested classes annotated with @Configuration.
2026-09-27T19:40:28.291+07:00  INFO 22360 --- [engflow] [           main] .b.t.c.SpringBootTestContextBootstrapper : Found @SpringBootConfiguration com.datn.engflow.EngflowApplication for test class com.datn.engflow.controller.AuditV7SecurityWaveTest
2026-09-27T19:40:28.293+07:00  INFO 22360 --- [engflow] [           main] t.c.s.AnnotationConfigContextLoaderUtils : Could not detect default configuration classes for test class [com.datn.engflow.controller.AuditV7SecurityWaveTest]: AuditV7SecurityWaveTest does not declare any static, non-private, non-final, nested classes annotated with @Configuration.
2026-09-27T19:40:28.293+07:00  INFO 22360 --- [engflow] [           main] .b.t.c.SpringBootTestContextBootstrapper : Found @SpringBootConfiguration com.datn.engflow.EngflowApplication for test class com.datn.engflow.controller.AuditV7SecurityWaveTest
2026-09-27T19:40:28.306+07:00  INFO 22360 --- [engflow] [           main] o.s.b.t.m.w.SpringBootMockServletContext : Initializing Spring TestDispatcherServlet ''
2026-09-27T19:40:28.306+07:00  INFO 22360 --- [engflow] [           main] o.s.t.web.servlet.TestDispatcherServlet  : Initializing Servlet ''
2026-09-27T19:40:28.307+07:00  INFO 22360 --- [engflow] [           main] o.s.t.web.servlet.TestDispatcherServlet  : Completed initialization in 1 ms
2026-09-27T19:40:28.355+07:00  INFO 22360 --- [engflow] [           main] o.s.b.t.m.w.SpringBootMockServletContext : Initializing Spring TestDispatcherServlet ''
2026-09-27T19:40:28.355+07:00  INFO 22360 --- [engflow] [           main] o.s.t.web.servlet.TestDispatcherServlet  : Initializing Servlet ''
2026-09-27T19:40:28.356+07:00  INFO 22360 --- [engflow] [           main] o.s.t.web.servlet.TestDispatcherServlet  : Completed initialization in 1 ms
2026-09-27T19:40:28.369+07:00  WARN 22360 --- [engflow] [           main] c.d.e.exception.GlobalExceptionHandler   : Type mismatch: Tham s? 'level' v?i giá tr? 'NOT_A_LEVEL' không h?p l?.
2026-09-27T19:40:28.382+07:00  INFO 22360 --- [engflow] [           main] o.s.b.t.m.w.SpringBootMockServletContext : Initializing Spring TestDispatcherServlet ''
2026-09-27T19:40:28.382+07:00  INFO 22360 --- [engflow] [           main] o.s.t.web.servlet.TestDispatcherServlet  : Initializing Servlet ''
2026-09-27T19:40:28.386+07:00  INFO 22360 --- [engflow] [           main] o.s.t.web.servlet.TestDispatcherServlet  : Completed initialization in 4 ms
2026-09-27T19:40:28.407+07:00  INFO 22360 --- [engflow] [           main] o.s.b.t.m.w.SpringBootMockServletContext : Initializing Spring TestDispatcherServlet ''
2026-09-27T19:40:28.407+07:00  INFO 22360 --- [engflow] [           main] o.s.t.web.servlet.TestDispatcherServlet  : Initializing Servlet ''
2026-09-27T19:40:28.409+07:00  INFO 22360 --- [engflow] [           main] o.s.t.web.servlet.TestDispatcherServlet  : Completed initialization in 1 ms
2026-09-27T19:40:28.657+07:00 ERROR 22360 --- [engflow] [           main] com.datn.engflow.service.MinioService    : Could not get object from MinIO: definitely-not-a-real-object-30817683062900.webm

error occurred
ErrorResponse(code = NoSuchKey, message = The specified key does not exist., bucketName = speaking-uploads, objectName = definitely-not-a-real-object-30817683062900.webm, resource = /speaking-uploads/definitely-not-a-real-object-30817683062900.webm, requestId = 18D92DEE5D1FD500, hostId = dd9025bab4ad464b049177c95eb6ebf374d3b3fd1af9251148b658df7ac2e3e8)
request={method=GET, url=http://localhost:9000/speaking-uploads/definitely-not-a-real-object-30817683062900.webm, headers=Host: localhost:9000
Accept-Encoding: identity
User-Agent: MinIO (Windows 11; amd64) minio-java/8.5.14
Content-MD5: 1B2M2Y8AsgTpgAmY7PhCfg==
x-amz-content-sha256: e3b0c44298fc1c149afbf4c8996fb92427ae41e4649b934ca495991b7852b855
x-amz-date: 20260927T124028Z
Authorization: ??
}
response={code=404, headers=Accept-Ranges: bytes
Content-Length: 435
Content-Type: application/xml
Server: MinIO
Strict-Transport-Security: max-age=31536000; includeSubDomains
Vary: Origin
Vary: Accept-Encoding
X-Amz-Id-2: dd9025bab4ad464b049177c95eb6ebf374d3b3fd1af9251148b658df7ac2e3e8
X-Amz-Request-Id: 18D92DEE5D1FD500
X-Content-Type-Options: nosniff
X-Ratelimit-Limit: 874
X-Ratelimit-Remaining: 874
X-Xss-Protection: 1; mode=block
Date: Sun, 27 Sep 2026 12:40:28 GMT
}

	at io.minio.S3Base$1.onResponse(S3Base.java:775) ~[minio-8.5.14.jar:8.5.14]
	at okhttp3.internal.connection.RealCall$AsyncCall.run(RealCall.kt:519) ~[okhttp-4.12.0.jar:na]
	at java.base/java.util.concurrent.ThreadPoolExecutor.runWorker(ThreadPoolExecutor.java:1090) ~[na:na]
	at java.base/java.util.concurrent.ThreadPoolExecutor$Worker.run(ThreadPoolExecutor.java:614) ~[na:na]
	at java.base/java.lang.Thread.run(Thread.java:1474) ~[na:na]

2026-09-27T19:40:28.670+07:00  INFO 22360 --- [engflow] [           main] o.s.b.t.m.w.SpringBootMockServletContext : Initializing Spring TestDispatcherServlet ''
2026-09-27T19:40:28.670+07:00  INFO 22360 --- [engflow] [           main] o.s.t.web.servlet.TestDispatcherServlet  : Initializing Servlet ''
2026-09-27T19:40:28.671+07:00  INFO 22360 --- [engflow] [           main] o.s.t.web.servlet.TestDispatcherServlet  : Completed initialization in 1 ms
2026-09-27T19:40:28.686+07:00  INFO 22360 --- [engflow] [           main] o.s.b.t.m.w.SpringBootMockServletContext : Initializing Spring TestDispatcherServlet ''
2026-09-27T19:40:28.686+07:00  INFO 22360 --- [engflow] [           main] o.s.t.web.servlet.TestDispatcherServlet  : Initializing Servlet ''
2026-09-27T19:40:28.688+07:00  INFO 22360 --- [engflow] [           main] o.s.t.web.servlet.TestDispatcherServlet  : Completed initialization in 1 ms
2026-09-27T19:40:28.705+07:00  INFO 22360 --- [engflow] [           main] o.s.b.t.m.w.SpringBootMockServletContext : Initializing Spring TestDispatcherServlet ''
2026-09-27T19:40:28.705+07:00  INFO 22360 --- [engflow] [           main] o.s.t.web.servlet.TestDispatcherServlet  : Initializing Servlet ''
2026-09-27T19:40:28.707+07:00  INFO 22360 --- [engflow] [           main] o.s.t.web.servlet.TestDispatcherServlet  : Completed initialization in 2 ms
2026-09-27T19:40:28.737+07:00  INFO 22360 --- [engflow] [           main] o.s.b.t.m.w.SpringBootMockServletContext : Initializing Spring TestDispatcherServlet ''
2026-09-27T19:40:28.737+07:00  INFO 22360 --- [engflow] [           main] o.s.t.web.servlet.TestDispatcherServlet  : Initializing Servlet ''
2026-09-27T19:40:28.741+07:00  INFO 22360 --- [engflow] [           main] o.s.t.web.servlet.TestDispatcherServlet  : Completed initialization in 4 ms
2026-09-27T19:40:28.746+07:00  INFO 22360 --- [engflow] [           main] com.datn.engflow.service.LessonService   : L?y chi ti?t bài h?c: id=445, user=null
2026-09-27T19:40:28.791+07:00  INFO 22360 --- [engflow] [           main] o.s.b.t.m.w.SpringBootMockServletContext : Initializing Spring TestDispatcherServlet ''
2026-09-27T19:40:28.792+07:00  INFO 22360 --- [engflow] [           main] o.s.t.web.servlet.TestDispatcherServlet  : Initializing Servlet ''
2026-09-27T19:40:28.792+07:00  INFO 22360 --- [engflow] [           main] o.s.t.web.servlet.TestDispatcherServlet  : Completed initialization in 0 ms
[INFO] Tests run: 9, Failures: 0, Errors: 0, Skipped: 0, Time elapsed: 0.511 s -- in com.datn.engflow.controller.AuditV7SecurityWaveTest
[INFO] Running com.datn.engflow.controller.AuditV8DraftLessonVisibilityTest
2026-09-27T19:40:28.804+07:00  INFO 22360 --- [engflow] [           main] t.c.s.AnnotationConfigContextLoaderUtils : Could not detect default configuration classes for test class [com.datn.engflow.controller.AuditV8DraftLessonVisibilityTest]: AuditV8DraftLessonVisibilityTest does not declare any static, non-private, non-final, nested classes annotated with @Configuration.
2026-09-27T19:40:28.805+07:00  INFO 22360 --- [engflow] [           main] .b.t.c.SpringBootTestContextBootstrapper : Found @SpringBootConfiguration com.datn.engflow.EngflowApplication for test class com.datn.engflow.controller.AuditV8DraftLessonVisibilityTest
2026-09-27T19:40:28.806+07:00  INFO 22360 --- [engflow] [           main] t.c.s.AnnotationConfigContextLoaderUtils : Could not detect default configuration classes for test class [com.datn.engflow.controller.AuditV8DraftLessonVisibilityTest]: AuditV8DraftLessonVisibilityTest does not declare any static, non-private, non-final, nested classes annotated with @Configuration.
2026-09-27T19:40:28.806+07:00  INFO 22360 --- [engflow] [           main] .b.t.c.SpringBootTestContextBootstrapper : Found @SpringBootConfiguration com.datn.engflow.EngflowApplication for test class com.datn.engflow.controller.AuditV8DraftLessonVisibilityTest
2026-09-27T19:40:28.813+07:00  INFO 22360 --- [engflow] [           main] o.s.b.t.m.w.SpringBootMockServletContext : Initializing Spring TestDispatcherServlet ''
2026-09-27T19:40:28.813+07:00  INFO 22360 --- [engflow] [           main] o.s.t.web.servlet.TestDispatcherServlet  : Initializing Servlet ''
2026-09-27T19:40:28.815+07:00  INFO 22360 --- [engflow] [           main] o.s.t.web.servlet.TestDispatcherServlet  : Completed initialization in 2 ms
2026-09-27T19:40:28.835+07:00  INFO 22360 --- [engflow] [           main] com.datn.engflow.service.LessonService   : L?y chi ti?t bài h?c: id=134723, user=null
2026-09-27T19:40:28.848+07:00  INFO 22360 --- [engflow] [           main] o.s.b.t.m.w.SpringBootMockServletContext : Initializing Spring TestDispatcherServlet ''
2026-09-27T19:40:28.848+07:00  INFO 22360 --- [engflow] [           main] o.s.t.web.servlet.TestDispatcherServlet  : Initializing Servlet ''
2026-09-27T19:40:28.849+07:00  INFO 22360 --- [engflow] [           main] o.s.t.web.servlet.TestDispatcherServlet  : Completed initialization in 1 ms
2026-09-27T19:40:28.867+07:00  INFO 22360 --- [engflow] [           main] o.s.b.t.m.w.SpringBootMockServletContext : Initializing Spring TestDispatcherServlet ''
2026-09-27T19:40:28.867+07:00  INFO 22360 --- [engflow] [           main] o.s.t.web.servlet.TestDispatcherServlet  : Initializing Servlet ''
2026-09-27T19:40:28.868+07:00  INFO 22360 --- [engflow] [           main] o.s.t.web.servlet.TestDispatcherServlet  : Completed initialization in 1 ms
2026-09-27T19:40:28.910+07:00  INFO 22360 --- [engflow] [           main] o.s.b.t.m.w.SpringBootMockServletContext : Initializing Spring TestDispatcherServlet ''
2026-09-27T19:40:28.910+07:00  INFO 22360 --- [engflow] [           main] o.s.t.web.servlet.TestDispatcherServlet  : Initializing Servlet ''
2026-09-27T19:40:28.910+07:00  INFO 22360 --- [engflow] [           main] o.s.t.web.servlet.TestDispatcherServlet  : Completed initialization in 0 ms
2026-09-27T19:40:28.935+07:00  INFO 22360 --- [engflow] [           main] o.s.b.t.m.w.SpringBootMockServletContext : Initializing Spring TestDispatcherServlet ''
2026-09-27T19:40:28.935+07:00  INFO 22360 --- [engflow] [           main] o.s.t.web.servlet.TestDispatcherServlet  : Initializing Servlet ''
2026-09-27T19:40:28.936+07:00  INFO 22360 --- [engflow] [           main] o.s.t.web.servlet.TestDispatcherServlet  : Completed initialization in 1 ms
2026-09-27T19:40:28.949+07:00  INFO 22360 --- [engflow] [           main] com.datn.engflow.service.LessonService   : L?y chi ti?t bài h?c: id=134727, user=zzdraftadmin@test.com
2026-09-27T19:40:28.988+07:00  INFO 22360 --- [engflow] [           main] o.s.b.t.m.w.SpringBootMockServletContext : Initializing Spring TestDispatcherServlet ''
2026-09-27T19:40:28.989+07:00  INFO 22360 --- [engflow] [           main] o.s.t.web.servlet.TestDispatcherServlet  : Initializing Servlet ''
2026-09-27T19:40:28.989+07:00  INFO 22360 --- [engflow] [           main] o.s.t.web.servlet.TestDispatcherServlet  : Completed initialization in 0 ms
2026-09-27T19:40:28.998+07:00  INFO 22360 --- [engflow] [           main] com.datn.engflow.service.LessonService   : L?y chi ti?t bài h?c: id=134728, user=null
2026-09-27T19:40:29.013+07:00  INFO 22360 --- [engflow] [           main] o.s.b.t.m.w.SpringBootMockServletContext : Initializing Spring TestDispatcherServlet ''
2026-09-27T19:40:29.013+07:00  INFO 22360 --- [engflow] [           main] o.s.t.web.servlet.TestDispatcherServlet  : Initializing Servlet ''
2026-09-27T19:40:29.014+07:00  INFO 22360 --- [engflow] [           main] o.s.t.web.servlet.TestDispatcherServlet  : Completed initialization in 1 ms
[INFO] Tests run: 7, Failures: 0, Errors: 0, Skipped: 0, Time elapsed: 0.225 s -- in com.datn.engflow.controller.AuditV8DraftLessonVisibilityTest
[INFO] Running com.datn.engflow.controller.AuditV8UploadXssTest
2026-09-27T19:40:29.029+07:00  INFO 22360 --- [engflow] [           main] t.c.s.AnnotationConfigContextLoaderUtils : Could not detect default configuration classes for test class [com.datn.engflow.controller.AuditV8UploadXssTest]: AuditV8UploadXssTest does not declare any static, non-private, non-final, nested classes annotated with @Configuration.
2026-09-27T19:40:29.030+07:00  INFO 22360 --- [engflow] [           main] .b.t.c.SpringBootTestContextBootstrapper : Found @SpringBootConfiguration com.datn.engflow.EngflowApplication for test class com.datn.engflow.controller.AuditV8UploadXssTest
2026-09-27T19:40:29.031+07:00  INFO 22360 --- [engflow] [           main] t.c.s.AnnotationConfigContextLoaderUtils : Could not detect default configuration classes for test class [com.datn.engflow.controller.AuditV8UploadXssTest]: AuditV8UploadXssTest does not declare any static, non-private, non-final, nested classes annotated with @Configuration.
2026-09-27T19:40:29.032+07:00  INFO 22360 --- [engflow] [           main] .b.t.c.SpringBootTestContextBootstrapper : Found @SpringBootConfiguration com.datn.engflow.EngflowApplication for test class com.datn.engflow.controller.AuditV8UploadXssTest
2026-09-27T19:40:29.039+07:00  INFO 22360 --- [engflow] [           main] o.s.b.t.m.w.SpringBootMockServletContext : Initializing Spring TestDispatcherServlet ''
2026-09-27T19:40:29.039+07:00  INFO 22360 --- [engflow] [           main] o.s.t.web.servlet.TestDispatcherServlet  : Initializing Servlet ''
2026-09-27T19:40:29.041+07:00  INFO 22360 --- [engflow] [           main] o.s.t.web.servlet.TestDispatcherServlet  : Completed initialization in 2 ms
2026-09-27T19:40:29.072+07:00  INFO 22360 --- [engflow] [           main] o.s.b.t.m.w.SpringBootMockServletContext : Initializing Spring TestDispatcherServlet ''
2026-09-27T19:40:29.072+07:00  INFO 22360 --- [engflow] [           main] o.s.t.web.servlet.TestDispatcherServlet  : Initializing Servlet ''
2026-09-27T19:40:29.073+07:00  INFO 22360 --- [engflow] [           main] o.s.t.web.servlet.TestDispatcherServlet  : Completed initialization in 1 ms
2026-09-27T19:40:29.092+07:00  INFO 22360 --- [engflow] [           main] o.s.b.t.m.w.SpringBootMockServletContext : Initializing Spring TestDispatcherServlet ''
2026-09-27T19:40:29.092+07:00  INFO 22360 --- [engflow] [           main] o.s.t.web.servlet.TestDispatcherServlet  : Initializing Servlet ''
2026-09-27T19:40:29.093+07:00  INFO 22360 --- [engflow] [           main] o.s.t.web.servlet.TestDispatcherServlet  : Completed initialization in 1 ms
2026-09-27T19:40:29.102+07:00  INFO 22360 --- [engflow] [           main] o.s.b.t.m.w.SpringBootMockServletContext : Initializing Spring TestDispatcherServlet ''
2026-09-27T19:40:29.102+07:00  INFO 22360 --- [engflow] [           main] o.s.t.web.servlet.TestDispatcherServlet  : Initializing Servlet ''
2026-09-27T19:40:29.103+07:00  INFO 22360 --- [engflow] [           main] o.s.t.web.servlet.TestDispatcherServlet  : Completed initialization in 1 ms
2026-09-27T19:40:29.116+07:00  INFO 22360 --- [engflow] [           main] c.d.e.service.LessonSubmissionService    : L?u file âm thanh ???c t?i lên: 
2026-09-27T19:40:29.117+07:00  INFO 22360 --- [engflow] [           main] c.d.e.service.LessonSubmissionService    : File ?ã ???c l?u t?i: C:\Users\ASUS\Documents\LAPTRINH\engflow\uploads\5e317b96-047f-402c-880e-4854bac1168c.webm
2026-09-27T19:40:29.127+07:00  INFO 22360 --- [engflow] [           main] o.s.b.t.m.w.SpringBootMockServletContext : Initializing Spring TestDispatcherServlet ''
2026-09-27T19:40:29.127+07:00  INFO 22360 --- [engflow] [           main] o.s.t.web.servlet.TestDispatcherServlet  : Initializing Servlet ''
2026-09-27T19:40:29.128+07:00  INFO 22360 --- [engflow] [           main] o.s.t.web.servlet.TestDispatcherServlet  : Completed initialization in 1 ms
2026-09-27T19:40:29.139+07:00  INFO 22360 --- [engflow] [           main] o.s.b.t.m.w.SpringBootMockServletContext : Initializing Spring TestDispatcherServlet ''
2026-09-27T19:40:29.140+07:00  INFO 22360 --- [engflow] [           main] o.s.t.web.servlet.TestDispatcherServlet  : Initializing Servlet ''
2026-09-27T19:40:29.140+07:00  INFO 22360 --- [engflow] [           main] o.s.t.web.servlet.TestDispatcherServlet  : Completed initialization in 0 ms
2026-09-27T19:40:29.154+07:00  INFO 22360 --- [engflow] [           main] c.d.e.service.LessonSubmissionService    : L?u file âm thanh ???c t?i lên: lesson.html
2026-09-27T19:40:29.158+07:00  INFO 22360 --- [engflow] [           main] c.d.e.service.LessonSubmissionService    : L?u file âm thanh ???c t?i lên: x.svg
2026-09-27T19:40:29.170+07:00  INFO 22360 --- [engflow] [           main] o.s.b.t.m.w.SpringBootMockServletContext : Initializing Spring TestDispatcherServlet ''
2026-09-27T19:40:29.170+07:00  INFO 22360 --- [engflow] [           main] o.s.t.web.servlet.TestDispatcherServlet  : Initializing Servlet ''
2026-09-27T19:40:29.171+07:00  INFO 22360 --- [engflow] [           main] o.s.t.web.servlet.TestDispatcherServlet  : Completed initialization in 1 ms
[INFO] Tests run: 9, Failures: 0, Errors: 0, Skipped: 0, Time elapsed: 0.153 s -- in com.datn.engflow.controller.AuditV8UploadXssTest
[INFO] Running com.datn.engflow.controller.AuditV9ControllerGuardTest
2026-09-27T19:40:29.478+07:00  INFO 22360 --- [engflow] [           main] o.s.mock.web.MockServletContext          : Initializing Spring TestDispatcherServlet ''
2026-09-27T19:40:29.478+07:00  INFO 22360 --- [engflow] [           main] o.s.t.web.servlet.TestDispatcherServlet  : Initializing Servlet ''
2026-09-27T19:40:29.478+07:00  INFO 22360 --- [engflow] [           main] o.s.t.web.servlet.TestDispatcherServlet  : Completed initialization in 0 ms
2026-09-27T19:40:29.494+07:00  INFO 22360 --- [engflow] [           main] o.s.mock.web.MockServletContext          : Initializing Spring TestDispatcherServlet ''
2026-09-27T19:40:29.494+07:00  INFO 22360 --- [engflow] [           main] o.s.t.web.servlet.TestDispatcherServlet  : Initializing Servlet ''
2026-09-27T19:40:29.494+07:00  INFO 22360 --- [engflow] [           main] o.s.t.web.servlet.TestDispatcherServlet  : Completed initialization in 0 ms
[INFO] Tests run: 8, Failures: 0, Errors: 0, Skipped: 0, Time elapsed: 0.327 s -- in com.datn.engflow.controller.AuditV9ControllerGuardTest
[INFO] Running com.datn.engflow.controller.AuditV9DraftLessonGradeGuardTest
2026-09-27T19:40:29.513+07:00  INFO 22360 --- [engflow] [           main] t.c.s.AnnotationConfigContextLoaderUtils : Could not detect default configuration classes for test class [com.datn.engflow.controller.AuditV9DraftLessonGradeGuardTest]: AuditV9DraftLessonGradeGuardTest does not declare any static, non-private, non-final, nested classes annotated with @Configuration.
2026-09-27T19:40:29.514+07:00  INFO 22360 --- [engflow] [           main] .b.t.c.SpringBootTestContextBootstrapper : Found @SpringBootConfiguration com.datn.engflow.EngflowApplication for test class com.datn.engflow.controller.AuditV9DraftLessonGradeGuardTest
2026-09-27T19:40:29.515+07:00  INFO 22360 --- [engflow] [           main] t.c.s.AnnotationConfigContextLoaderUtils : Could not detect default configuration classes for test class [com.datn.engflow.controller.AuditV9DraftLessonGradeGuardTest]: AuditV9DraftLessonGradeGuardTest does not declare any static, non-private, non-final, nested classes annotated with @Configuration.
2026-09-27T19:40:29.516+07:00  INFO 22360 --- [engflow] [           main] .b.t.c.SpringBootTestContextBootstrapper : Found @SpringBootConfiguration com.datn.engflow.EngflowApplication for test class com.datn.engflow.controller.AuditV9DraftLessonGradeGuardTest
2026-09-27T19:40:29.523+07:00  INFO 22360 --- [engflow] [           main] o.s.b.t.m.w.SpringBootMockServletContext : Initializing Spring TestDispatcherServlet ''
2026-09-27T19:40:29.524+07:00  INFO 22360 --- [engflow] [           main] o.s.t.web.servlet.TestDispatcherServlet  : Initializing Servlet ''
2026-09-27T19:40:29.524+07:00  INFO 22360 --- [engflow] [           main] o.s.t.web.servlet.TestDispatcherServlet  : Completed initialization in 0 ms
2026-09-27T19:40:29.567+07:00  INFO 22360 --- [engflow] [           main] o.s.b.t.m.w.SpringBootMockServletContext : Initializing Spring TestDispatcherServlet ''
2026-09-27T19:40:29.567+07:00  INFO 22360 --- [engflow] [           main] o.s.t.web.servlet.TestDispatcherServlet  : Initializing Servlet ''
2026-09-27T19:40:29.568+07:00  INFO 22360 --- [engflow] [           main] o.s.t.web.servlet.TestDispatcherServlet  : Completed initialization in 1 ms
2026-09-27T19:40:29.619+07:00  INFO 22360 --- [engflow] [           main] o.s.b.t.m.w.SpringBootMockServletContext : Initializing Spring TestDispatcherServlet ''
2026-09-27T19:40:29.619+07:00  INFO 22360 --- [engflow] [           main] o.s.t.web.servlet.TestDispatcherServlet  : Initializing Servlet ''
2026-09-27T19:40:29.622+07:00  INFO 22360 --- [engflow] [           main] o.s.t.web.servlet.TestDispatcherServlet  : Completed initialization in 2 ms
2026-09-27T19:40:29.714+07:00  INFO 22360 --- [engflow] [           main] o.s.b.t.m.w.SpringBootMockServletContext : Initializing Spring TestDispatcherServlet ''
2026-09-27T19:40:29.714+07:00  INFO 22360 --- [engflow] [           main] o.s.t.web.servlet.TestDispatcherServlet  : Initializing Servlet ''
2026-09-27T19:40:29.715+07:00  INFO 22360 --- [engflow] [           main] o.s.t.web.servlet.TestDispatcherServlet  : Completed initialization in 1 ms
2026-09-27T19:40:29.742+07:00  INFO 22360 --- [engflow] [           main] o.s.b.t.m.w.SpringBootMockServletContext : Initializing Spring TestDispatcherServlet ''
2026-09-27T19:40:29.742+07:00  INFO 22360 --- [engflow] [           main] o.s.t.web.servlet.TestDispatcherServlet  : Initializing Servlet ''
2026-09-27T19:40:29.743+07:00  INFO 22360 --- [engflow] [           main] o.s.t.web.servlet.TestDispatcherServlet  : Completed initialization in 1 ms
[INFO] Tests run: 5, Failures: 0, Errors: 0, Skipped: 0, Time elapsed: 0.255 s -- in com.datn.engflow.controller.AuditV9DraftLessonGradeGuardTest
[INFO] Running com.datn.engflow.controller.AuditV9DraftSecuritySliceTest

  .   ____          _            __ _ _
 /\\ / ___'_ __ _ _(_)_ __  __ _ \ \ \ \
( ( )\___ | '_ | '_| | '_ \/ _` | \ \ \ \
 \\/  ___)| |_)| | | | | || (_| |  ) ) ) )
  '  |____| .__|_| |_|_| |_\__, | / / / /
 =========|_|==============|___/=/_/_/_/

 :: Spring Boot ::                (v4.0.6)

2026-09-27T19:40:29.820+07:00  INFO 22360 --- [engflow] [           main] c.d.e.c.AuditV9DraftSecuritySliceTest    : Starting AuditV9DraftSecuritySliceTest using Java 25.0.3 with PID 22360 (started by ASUS in C:\Users\ASUS\Documents\LAPTRINH\engflow)
2026-09-27T19:40:29.820+07:00  INFO 22360 --- [engflow] [           main] c.d.e.c.AuditV9DraftSecuritySliceTest    : No active profile set, falling back to 1 default profile: "default"
2026-09-27T19:40:30.047+07:00  INFO 22360 --- [engflow] [           main] r$InitializeUserDetailsManagerConfigurer : Global AuthenticationManager configured with UserDetailsService bean with name com.datn.engflow.security.CustomUserDetailsService#0
2026-09-27T19:40:30.139+07:00  INFO 22360 --- [engflow] [           main] o.s.b.t.m.w.SpringBootMockServletContext : Initializing Spring TestDispatcherServlet ''
2026-09-27T19:40:30.139+07:00  INFO 22360 --- [engflow] [           main] o.s.t.web.servlet.TestDispatcherServlet  : Initializing Servlet ''
2026-09-27T19:40:30.140+07:00  INFO 22360 --- [engflow] [           main] o.s.t.web.servlet.TestDispatcherServlet  : Completed initialization in 1 ms
2026-09-27T19:40:30.150+07:00  INFO 22360 --- [engflow] [           main] c.d.e.c.AuditV9DraftSecuritySliceTest    : Started AuditV9DraftSecuritySliceTest in 0.351 seconds (process running for 16.8)
2026-09-27T19:40:30.157+07:00  INFO 22360 --- [engflow] [           main] o.s.b.t.m.w.SpringBootMockServletContext : Initializing Spring TestDispatcherServlet ''
2026-09-27T19:40:30.157+07:00  INFO 22360 --- [engflow] [           main] o.s.t.web.servlet.TestDispatcherServlet  : Initializing Servlet ''
2026-09-27T19:40:30.159+07:00  INFO 22360 --- [engflow] [           main] o.s.t.web.servlet.TestDispatcherServlet  : Completed initialization in 2 ms
2026-09-27T19:40:30.173+07:00  INFO 22360 --- [engflow] [           main] o.s.b.t.m.w.SpringBootMockServletContext : Initializing Spring TestDispatcherServlet ''
2026-09-27T19:40:30.173+07:00  INFO 22360 --- [engflow] [           main] o.s.t.web.servlet.TestDispatcherServlet  : Initializing Servlet ''
2026-09-27T19:40:30.173+07:00  INFO 22360 --- [engflow] [           main] o.s.t.web.servlet.TestDispatcherServlet  : Completed initialization in 0 ms
2026-09-27T19:40:30.191+07:00  INFO 22360 --- [engflow] [           main] o.s.b.t.m.w.SpringBootMockServletContext : Initializing Spring TestDispatcherServlet ''
2026-09-27T19:40:30.191+07:00  INFO 22360 --- [engflow] [           main] o.s.t.web.servlet.TestDispatcherServlet  : Initializing Servlet ''
2026-09-27T19:40:30.192+07:00  INFO 22360 --- [engflow] [           main] o.s.t.web.servlet.TestDispatcherServlet  : Completed initialization in 1 ms
2026-09-27T19:40:30.221+07:00  INFO 22360 --- [engflow] [           main] o.s.b.t.m.w.SpringBootMockServletContext : Initializing Spring TestDispatcherServlet ''
2026-09-27T19:40:30.221+07:00  INFO 22360 --- [engflow] [           main] o.s.t.web.servlet.TestDispatcherServlet  : Initializing Servlet ''
2026-09-27T19:40:30.222+07:00  INFO 22360 --- [engflow] [           main] o.s.t.web.servlet.TestDispatcherServlet  : Completed initialization in 1 ms
2026-09-27T19:40:30.239+07:00  INFO 22360 --- [engflow] [           main] o.s.b.t.m.w.SpringBootMockServletContext : Initializing Spring TestDispatcherServlet ''
2026-09-27T19:40:30.239+07:00  INFO 22360 --- [engflow] [           main] o.s.t.web.servlet.TestDispatcherServlet  : Initializing Servlet ''
2026-09-27T19:40:30.240+07:00  INFO 22360 --- [engflow] [           main] o.s.t.web.servlet.TestDispatcherServlet  : Completed initialization in 1 ms
2026-09-27T19:40:30.262+07:00  INFO 22360 --- [engflow] [           main] o.s.b.t.m.w.SpringBootMockServletContext : Initializing Spring TestDispatcherServlet ''
2026-09-27T19:40:30.262+07:00  INFO 22360 --- [engflow] [           main] o.s.t.web.servlet.TestDispatcherServlet  : Initializing Servlet ''
2026-09-27T19:40:30.263+07:00  INFO 22360 --- [engflow] [           main] o.s.t.web.servlet.TestDispatcherServlet  : Completed initialization in 1 ms
[INFO] Tests run: 6, Failures: 0, Errors: 0, Skipped: 0, Time elapsed: 0.500 s -- in com.datn.engflow.controller.AuditV9DraftSecuritySliceTest
[INFO] Running com.datn.engflow.controller.AuditV9ExerciseListProjectionTest
2026-09-27T19:40:30.274+07:00  INFO 22360 --- [engflow] [           main] t.c.s.AnnotationConfigContextLoaderUtils : Could not detect default configuration classes for test class [com.datn.engflow.controller.AuditV9ExerciseListProjectionTest]: AuditV9ExerciseListProjectionTest does not declare any static, non-private, non-final, nested classes annotated with @Configuration.
2026-09-27T19:40:30.276+07:00  INFO 22360 --- [engflow] [           main] .b.t.c.SpringBootTestContextBootstrapper : Found @SpringBootConfiguration com.datn.engflow.EngflowApplication for test class com.datn.engflow.controller.AuditV9ExerciseListProjectionTest
2026-09-27T19:40:30.277+07:00  INFO 22360 --- [engflow] [           main] t.c.s.AnnotationConfigContextLoaderUtils : Could not detect default configuration classes for test class [com.datn.engflow.controller.AuditV9ExerciseListProjectionTest]: AuditV9ExerciseListProjectionTest does not declare any static, non-private, non-final, nested classes annotated with @Configuration.
2026-09-27T19:40:30.278+07:00  INFO 22360 --- [engflow] [           main] .b.t.c.SpringBootTestContextBootstrapper : Found @SpringBootConfiguration com.datn.engflow.EngflowApplication for test class com.datn.engflow.controller.AuditV9ExerciseListProjectionTest
2026-09-27T19:40:30.287+07:00  INFO 22360 --- [engflow] [           main] o.s.b.t.m.w.SpringBootMockServletContext : Initializing Spring TestDispatcherServlet ''
2026-09-27T19:40:30.287+07:00  INFO 22360 --- [engflow] [           main] o.s.t.web.servlet.TestDispatcherServlet  : Initializing Servlet ''
2026-09-27T19:40:30.288+07:00  INFO 22360 --- [engflow] [           main] o.s.t.web.servlet.TestDispatcherServlet  : Completed initialization in 1 ms
2026-09-27T19:40:30.322+07:00  INFO 22360 --- [engflow] [           main] o.s.b.t.m.w.SpringBootMockServletContext : Initializing Spring TestDispatcherServlet ''
2026-09-27T19:40:30.322+07:00  INFO 22360 --- [engflow] [           main] o.s.t.web.servlet.TestDispatcherServlet  : Initializing Servlet ''
2026-09-27T19:40:30.323+07:00  INFO 22360 --- [engflow] [           main] o.s.t.web.servlet.TestDispatcherServlet  : Completed initialization in 1 ms
[INFO] Tests run: 2, Failures: 0, Errors: 0, Skipped: 0, Time elapsed: 0.079 s -- in com.datn.engflow.controller.AuditV9ExerciseListProjectionTest
[INFO] Running com.datn.engflow.controller.DeckControllerMyDecksTest
2026-09-27T19:40:30.426+07:00  INFO 22360 --- [engflow] [           main] o.s.mock.web.MockServletContext          : Initializing Spring TestDispatcherServlet ''
2026-09-27T19:40:30.426+07:00  INFO 22360 --- [engflow] [           main] o.s.t.web.servlet.TestDispatcherServlet  : Initializing Servlet ''
2026-09-27T19:40:30.426+07:00  INFO 22360 --- [engflow] [           main] o.s.t.web.servlet.TestDispatcherServlet  : Completed initialization in 0 ms
2026-09-27T19:40:30.438+07:00  INFO 22360 --- [engflow] [           main] o.s.mock.web.MockServletContext          : Initializing Spring TestDispatcherServlet ''
2026-09-27T19:40:30.438+07:00  INFO 22360 --- [engflow] [           main] o.s.t.web.servlet.TestDispatcherServlet  : Initializing Servlet ''
2026-09-27T19:40:30.438+07:00  INFO 22360 --- [engflow] [           main] o.s.t.web.servlet.TestDispatcherServlet  : Completed initialization in 0 ms
2026-09-27T19:40:30.448+07:00  INFO 22360 --- [engflow] [           main] o.s.mock.web.MockServletContext          : Initializing Spring TestDispatcherServlet ''
2026-09-27T19:40:30.448+07:00  INFO 22360 --- [engflow] [           main] o.s.t.web.servlet.TestDispatcherServlet  : Initializing Servlet ''
2026-09-27T19:40:30.449+07:00  INFO 22360 --- [engflow] [           main] o.s.t.web.servlet.TestDispatcherServlet  : Completed initialization in 1 ms
[INFO] Tests run: 3, Failures: 0, Errors: 0, Skipped: 0, Time elapsed: 0.110 s -- in com.datn.engflow.controller.DeckControllerMyDecksTest
[INFO] Running com.datn.engflow.controller.GameControllerSubmitTypeTest
2026-09-27T19:40:30.468+07:00  INFO 22360 --- [engflow] [           main] t.c.s.AnnotationConfigContextLoaderUtils : Could not detect default configuration classes for test class [com.datn.engflow.controller.GameControllerSubmitTypeTest]: GameControllerSubmitTypeTest does not declare any static, non-private, non-final, nested classes annotated with @Configuration.
2026-09-27T19:40:30.471+07:00  INFO 22360 --- [engflow] [           main] .b.t.c.SpringBootTestContextBootstrapper : Found @SpringBootConfiguration com.datn.engflow.EngflowApplication for test class com.datn.engflow.controller.GameControllerSubmitTypeTest
2026-09-27T19:40:30.471+07:00  INFO 22360 --- [engflow] [           main] t.c.s.AnnotationConfigContextLoaderUtils : Could not detect default configuration classes for test class [com.datn.engflow.controller.GameControllerSubmitTypeTest]: GameControllerSubmitTypeTest does not declare any static, non-private, non-final, nested classes annotated with @Configuration.
2026-09-27T19:40:30.471+07:00  INFO 22360 --- [engflow] [           main] .b.t.c.SpringBootTestContextBootstrapper : Found @SpringBootConfiguration com.datn.engflow.EngflowApplication for test class com.datn.engflow.controller.GameControllerSubmitTypeTest
2026-09-27T19:40:30.483+07:00  INFO 22360 --- [engflow] [           main] o.s.b.t.m.w.SpringBootMockServletContext : Initializing Spring TestDispatcherServlet ''
2026-09-27T19:40:30.483+07:00  INFO 22360 --- [engflow] [           main] o.s.t.web.servlet.TestDispatcherServlet  : Initializing Servlet ''
2026-09-27T19:40:30.484+07:00  INFO 22360 --- [engflow] [           main] o.s.t.web.servlet.TestDispatcherServlet  : Completed initialization in 1 ms
2026-09-27T19:40:30.521+07:00  INFO 22360 --- [engflow] [           main] o.s.b.t.m.w.SpringBootMockServletContext : Initializing Spring TestDispatcherServlet ''
2026-09-27T19:40:30.521+07:00  INFO 22360 --- [engflow] [           main] o.s.t.web.servlet.TestDispatcherServlet  : Initializing Servlet ''
2026-09-27T19:40:30.525+07:00  INFO 22360 --- [engflow] [           main] o.s.t.web.servlet.TestDispatcherServlet  : Completed initialization in 4 ms
2026-09-27T19:40:30.551+07:00  INFO 22360 --- [engflow] [           main] o.s.b.t.m.w.SpringBootMockServletContext : Initializing Spring TestDispatcherServlet ''
2026-09-27T19:40:30.551+07:00  INFO 22360 --- [engflow] [           main] o.s.t.web.servlet.TestDispatcherServlet  : Initializing Servlet ''
2026-09-27T19:40:30.552+07:00  INFO 22360 --- [engflow] [           main] o.s.t.web.servlet.TestDispatcherServlet  : Completed initialization in 1 ms
2026-09-27T19:40:30.567+07:00  INFO 22360 --- [engflow] [           main] o.s.b.t.m.w.SpringBootMockServletContext : Initializing Spring TestDispatcherServlet ''
2026-09-27T19:40:30.567+07:00  INFO 22360 --- [engflow] [           main] o.s.t.web.servlet.TestDispatcherServlet  : Initializing Servlet ''
2026-09-27T19:40:30.569+07:00  INFO 22360 --- [engflow] [           main] o.s.t.web.servlet.TestDispatcherServlet  : Completed initialization in 2 ms
2026-09-27T19:40:30.585+07:00  INFO 22360 --- [engflow] [           main] o.s.b.t.m.w.SpringBootMockServletContext : Initializing Spring TestDispatcherServlet ''
2026-09-27T19:40:30.586+07:00  INFO 22360 --- [engflow] [           main] o.s.t.web.servlet.TestDispatcherServlet  : Initializing Servlet ''
2026-09-27T19:40:30.586+07:00  INFO 22360 --- [engflow] [           main] o.s.t.web.servlet.TestDispatcherServlet  : Completed initialization in 0 ms
2026-09-27T19:40:30.602+07:00  INFO 22360 --- [engflow] [           main] o.s.b.t.m.w.SpringBootMockServletContext : Initializing Spring TestDispatcherServlet ''
2026-09-27T19:40:30.602+07:00  INFO 22360 --- [engflow] [           main] o.s.t.web.servlet.TestDispatcherServlet  : Initializing Servlet ''
2026-09-27T19:40:30.603+07:00  INFO 22360 --- [engflow] [           main] o.s.t.web.servlet.TestDispatcherServlet  : Completed initialization in 1 ms
2026-09-27T19:40:30.619+07:00  INFO 22360 --- [engflow] [           main] o.s.b.t.m.w.SpringBootMockServletContext : Initializing Spring TestDispatcherServlet ''
2026-09-27T19:40:30.620+07:00  INFO 22360 --- [engflow] [           main] o.s.t.web.servlet.TestDispatcherServlet  : Initializing Servlet ''
2026-09-27T19:40:30.620+07:00  INFO 22360 --- [engflow] [           main] o.s.t.web.servlet.TestDispatcherServlet  : Completed initialization in 0 ms
[INFO] Tests run: 7, Failures: 0, Errors: 0, Skipped: 0, Time elapsed: 0.164 s -- in com.datn.engflow.controller.GameControllerSubmitTypeTest
[INFO] Running com.datn.engflow.controller.GameControllerTest
2026-09-27T19:40:30.688+07:00  INFO 22360 --- [engflow] [           main] o.s.mock.web.MockServletContext          : Initializing Spring TestDispatcherServlet ''
2026-09-27T19:40:30.688+07:00  INFO 22360 --- [engflow] [           main] o.s.t.web.servlet.TestDispatcherServlet  : Initializing Servlet ''
2026-09-27T19:40:30.688+07:00  INFO 22360 --- [engflow] [           main] o.s.t.web.servlet.TestDispatcherServlet  : Completed initialization in 0 ms
2026-09-27T19:40:30.697+07:00  INFO 22360 --- [engflow] [           main] o.s.mock.web.MockServletContext          : Initializing Spring TestDispatcherServlet ''
2026-09-27T19:40:30.697+07:00  INFO 22360 --- [engflow] [           main] o.s.t.web.servlet.TestDispatcherServlet  : Initializing Servlet ''
2026-09-27T19:40:30.697+07:00  INFO 22360 --- [engflow] [           main] o.s.t.web.servlet.TestDispatcherServlet  : Completed initialization in 0 ms
2026-09-27T19:40:30.708+07:00  INFO 22360 --- [engflow] [           main] o.s.mock.web.MockServletContext          : Initializing Spring TestDispatcherServlet ''
2026-09-27T19:40:30.708+07:00  INFO 22360 --- [engflow] [           main] o.s.t.web.servlet.TestDispatcherServlet  : Initializing Servlet ''
2026-09-27T19:40:30.708+07:00  INFO 22360 --- [engflow] [           main] o.s.t.web.servlet.TestDispatcherServlet  : Completed initialization in 0 ms
2026-09-27T19:40:30.717+07:00  INFO 22360 --- [engflow] [           main] o.s.mock.web.MockServletContext          : Initializing Spring TestDispatcherServlet ''
2026-09-27T19:40:30.717+07:00  INFO 22360 --- [engflow] [           main] o.s.t.web.servlet.TestDispatcherServlet  : Initializing Servlet ''
2026-09-27T19:40:30.717+07:00  INFO 22360 --- [engflow] [           main] o.s.t.web.servlet.TestDispatcherServlet  : Completed initialization in 0 ms
2026-09-27T19:40:30.726+07:00  INFO 22360 --- [engflow] [           main] o.s.mock.web.MockServletContext          : Initializing Spring TestDispatcherServlet ''
2026-09-27T19:40:30.726+07:00  INFO 22360 --- [engflow] [           main] o.s.t.web.servlet.TestDispatcherServlet  : Initializing Servlet ''
2026-09-27T19:40:30.726+07:00  INFO 22360 --- [engflow] [           main] o.s.t.web.servlet.TestDispatcherServlet  : Completed initialization in 0 ms
2026-09-27T19:40:30.734+07:00  INFO 22360 --- [engflow] [           main] o.s.mock.web.MockServletContext          : Initializing Spring TestDispatcherServlet ''
2026-09-27T19:40:30.734+07:00  INFO 22360 --- [engflow] [           main] o.s.t.web.servlet.TestDispatcherServlet  : Initializing Servlet ''
2026-09-27T19:40:30.734+07:00  INFO 22360 --- [engflow] [           main] o.s.t.web.servlet.TestDispatcherServlet  : Completed initialization in 0 ms
2026-09-27T19:40:30.744+07:00  INFO 22360 --- [engflow] [           main] o.s.mock.web.MockServletContext          : Initializing Spring TestDispatcherServlet ''
2026-09-27T19:40:30.745+07:00  INFO 22360 --- [engflow] [           main] o.s.t.web.servlet.TestDispatcherServlet  : Initializing Servlet ''
2026-09-27T19:40:30.745+07:00  INFO 22360 --- [engflow] [           main] o.s.t.web.servlet.TestDispatcherServlet  : Completed initialization in 0 ms
2026-09-27T19:40:30.752+07:00  INFO 22360 --- [engflow] [           main] o.s.mock.web.MockServletContext          : Initializing Spring TestDispatcherServlet ''
2026-09-27T19:40:30.752+07:00  INFO 22360 --- [engflow] [           main] o.s.t.web.servlet.TestDispatcherServlet  : Initializing Servlet ''
2026-09-27T19:40:30.752+07:00  INFO 22360 --- [engflow] [           main] o.s.t.web.servlet.TestDispatcherServlet  : Completed initialization in 0 ms
2026-09-27T19:40:30.763+07:00  INFO 22360 --- [engflow] [           main] o.s.mock.web.MockServletContext          : Initializing Spring TestDispatcherServlet ''
2026-09-27T19:40:30.763+07:00  INFO 22360 --- [engflow] [           main] o.s.t.web.servlet.TestDispatcherServlet  : Initializing Servlet ''
2026-09-27T19:40:30.764+07:00  INFO 22360 --- [engflow] [           main] o.s.t.web.servlet.TestDispatcherServlet  : Completed initialization in 1 ms
2026-09-27T19:40:30.769+07:00  INFO 22360 --- [engflow] [           main] o.s.mock.web.MockServletContext          : Initializing Spring TestDispatcherServlet ''
2026-09-27T19:40:30.769+07:00  INFO 22360 --- [engflow] [           main] o.s.t.web.servlet.TestDispatcherServlet  : Initializing Servlet ''
2026-09-27T19:40:30.770+07:00  INFO 22360 --- [engflow] [           main] o.s.t.web.servlet.TestDispatcherServlet  : Completed initialization in 0 ms
2026-09-27T19:40:30.784+07:00  INFO 22360 --- [engflow] [           main] o.s.mock.web.MockServletContext          : Initializing Spring TestDispatcherServlet ''
2026-09-27T19:40:30.785+07:00  INFO 22360 --- [engflow] [           main] o.s.t.web.servlet.TestDispatcherServlet  : Initializing Servlet ''
2026-09-27T19:40:30.785+07:00  INFO 22360 --- [engflow] [           main] o.s.t.web.servlet.TestDispatcherServlet  : Completed initialization in 0 ms
2026-09-27T19:40:30.795+07:00  INFO 22360 --- [engflow] [           main] o.s.mock.web.MockServletContext          : Initializing Spring TestDispatcherServlet ''
2026-09-27T19:40:30.795+07:00  INFO 22360 --- [engflow] [           main] o.s.t.web.servlet.TestDispatcherServlet  : Initializing Servlet ''
2026-09-27T19:40:30.795+07:00  INFO 22360 --- [engflow] [           main] o.s.t.web.servlet.TestDispatcherServlet  : Completed initialization in 0 ms
2026-09-27T19:40:30.806+07:00  INFO 22360 --- [engflow] [           main] o.s.mock.web.MockServletContext          : Initializing Spring TestDispatcherServlet ''
2026-09-27T19:40:30.806+07:00  INFO 22360 --- [engflow] [           main] o.s.t.web.servlet.TestDispatcherServlet  : Initializing Servlet ''
2026-09-27T19:40:30.806+07:00  INFO 22360 --- [engflow] [           main] o.s.t.web.servlet.TestDispatcherServlet  : Completed initialization in 0 ms
2026-09-27T19:40:30.816+07:00  INFO 22360 --- [engflow] [           main] o.s.mock.web.MockServletContext          : Initializing Spring TestDispatcherServlet ''
2026-09-27T19:40:30.816+07:00  INFO 22360 --- [engflow] [           main] o.s.t.web.servlet.TestDispatcherServlet  : Initializing Servlet ''
2026-09-27T19:40:30.816+07:00  INFO 22360 --- [engflow] [           main] o.s.t.web.servlet.TestDispatcherServlet  : Completed initialization in 0 ms
2026-09-27T19:40:30.827+07:00  INFO 22360 --- [engflow] [           main] o.s.mock.web.MockServletContext          : Initializing Spring TestDispatcherServlet ''
2026-09-27T19:40:30.828+07:00  INFO 22360 --- [engflow] [           main] o.s.t.web.servlet.TestDispatcherServlet  : Initializing Servlet ''
2026-09-27T19:40:30.828+07:00  INFO 22360 --- [engflow] [           main] o.s.t.web.servlet.TestDispatcherServlet  : Completed initialization in 0 ms
2026-09-27T19:40:30.841+07:00  INFO 22360 --- [engflow] [           main] o.s.mock.web.MockServletContext          : Initializing Spring TestDispatcherServlet ''
2026-09-27T19:40:30.842+07:00  INFO 22360 --- [engflow] [           main] o.s.t.web.servlet.TestDispatcherServlet  : Initializing Servlet ''
2026-09-27T19:40:30.842+07:00  INFO 22360 --- [engflow] [           main] o.s.t.web.servlet.TestDispatcherServlet  : Completed initialization in 0 ms
2026-09-27T19:40:30.852+07:00  INFO 22360 --- [engflow] [           main] o.s.mock.web.MockServletContext          : Initializing Spring TestDispatcherServlet ''
2026-09-27T19:40:30.853+07:00  INFO 22360 --- [engflow] [           main] o.s.t.web.servlet.TestDispatcherServlet  : Initializing Servlet ''
2026-09-27T19:40:30.853+07:00  INFO 22360 --- [engflow] [           main] o.s.t.web.servlet.TestDispatcherServlet  : Completed initialization in 0 ms
2026-09-27T19:40:30.862+07:00  INFO 22360 --- [engflow] [           main] o.s.mock.web.MockServletContext          : Initializing Spring TestDispatcherServlet ''
2026-09-27T19:40:30.862+07:00  INFO 22360 --- [engflow] [           main] o.s.t.web.servlet.TestDispatcherServlet  : Initializing Servlet ''
2026-09-27T19:40:30.862+07:00  INFO 22360 --- [engflow] [           main] o.s.t.web.servlet.TestDispatcherServlet  : Completed initialization in 0 ms
[INFO] Tests run: 18, Failures: 0, Errors: 0, Skipped: 0, Time elapsed: 0.236 s -- in com.datn.engflow.controller.GameControllerTest
[INFO] Running com.datn.engflow.controller.LessonExerciseSecurityTest
2026-09-27T19:40:30.869+07:00  INFO 22360 --- [engflow] [           main] t.c.s.AnnotationConfigContextLoaderUtils : Could not detect default configuration classes for test class [com.datn.engflow.controller.LessonExerciseSecurityTest]: LessonExerciseSecurityTest does not declare any static, non-private, non-final, nested classes annotated with @Configuration.
2026-09-27T19:40:30.871+07:00  INFO 22360 --- [engflow] [           main] .b.t.c.SpringBootTestContextBootstrapper : Found @SpringBootConfiguration com.datn.engflow.EngflowApplication for test class com.datn.engflow.controller.LessonExerciseSecurityTest
2026-09-27T19:40:30.872+07:00  INFO 22360 --- [engflow] [           main] t.c.s.AnnotationConfigContextLoaderUtils : Could not detect default configuration classes for test class [com.datn.engflow.controller.LessonExerciseSecurityTest]: LessonExerciseSecurityTest does not declare any static, non-private, non-final, nested classes annotated with @Configuration.
2026-09-27T19:40:30.873+07:00  INFO 22360 --- [engflow] [           main] .b.t.c.SpringBootTestContextBootstrapper : Found @SpringBootConfiguration com.datn.engflow.EngflowApplication for test class com.datn.engflow.controller.LessonExerciseSecurityTest
2026-09-27T19:40:30.882+07:00  INFO 22360 --- [engflow] [           main] o.s.b.t.m.w.SpringBootMockServletContext : Initializing Spring TestDispatcherServlet ''
2026-09-27T19:40:30.882+07:00  INFO 22360 --- [engflow] [           main] o.s.t.web.servlet.TestDispatcherServlet  : Initializing Servlet ''
2026-09-27T19:40:30.883+07:00  INFO 22360 --- [engflow] [           main] o.s.t.web.servlet.TestDispatcherServlet  : Completed initialization in 1 ms
2026-09-27T19:40:32.170+07:00  INFO 22360 --- [engflow] [           main] o.s.b.t.m.w.SpringBootMockServletContext : Initializing Spring TestDispatcherServlet ''
2026-09-27T19:40:32.170+07:00  INFO 22360 --- [engflow] [           main] o.s.t.web.servlet.TestDispatcherServlet  : Initializing Servlet ''
2026-09-27T19:40:32.172+07:00  INFO 22360 --- [engflow] [           main] o.s.t.web.servlet.TestDispatcherServlet  : Completed initialization in 2 ms
2026-09-27T19:40:32.609+07:00  INFO 22360 --- [engflow] [           main] o.s.b.t.m.w.SpringBootMockServletContext : Initializing Spring TestDispatcherServlet ''
2026-09-27T19:40:32.610+07:00  INFO 22360 --- [engflow] [           main] o.s.t.web.servlet.TestDispatcherServlet  : Initializing Servlet ''
2026-09-27T19:40:32.612+07:00  INFO 22360 --- [engflow] [           main] o.s.t.web.servlet.TestDispatcherServlet  : Completed initialization in 2 ms
2026-09-27T19:40:33.098+07:00  INFO 22360 --- [engflow] [           main] o.s.b.t.m.w.SpringBootMockServletContext : Initializing Spring TestDispatcherServlet ''
2026-09-27T19:40:33.098+07:00  INFO 22360 --- [engflow] [           main] o.s.t.web.servlet.TestDispatcherServlet  : Initializing Servlet ''
2026-09-27T19:40:33.099+07:00  INFO 22360 --- [engflow] [           main] o.s.t.web.servlet.TestDispatcherServlet  : Completed initialization in 1 ms
2026-09-27T19:40:33.372+07:00  INFO 22360 --- [engflow] [           main] o.s.b.t.m.w.SpringBootMockServletContext : Initializing Spring TestDispatcherServlet ''
2026-09-27T19:40:33.372+07:00  INFO 22360 --- [engflow] [           main] o.s.t.web.servlet.TestDispatcherServlet  : Initializing Servlet ''
2026-09-27T19:40:33.373+07:00  INFO 22360 --- [engflow] [           main] o.s.t.web.servlet.TestDispatcherServlet  : Completed initialization in 1 ms
2026-09-27T19:40:33.700+07:00  INFO 22360 --- [engflow] [           main] o.s.b.t.m.w.SpringBootMockServletContext : Initializing Spring TestDispatcherServlet ''
2026-09-27T19:40:33.700+07:00  INFO 22360 --- [engflow] [           main] o.s.t.web.servlet.TestDispatcherServlet  : Initializing Servlet ''
2026-09-27T19:40:33.701+07:00  INFO 22360 --- [engflow] [           main] o.s.t.web.servlet.TestDispatcherServlet  : Completed initialization in 1 ms
[INFO] Tests run: 6, Failures: 0, Errors: 0, Skipped: 0, Time elapsed: 3.325 s -- in com.datn.engflow.controller.LessonExerciseSecurityTest
[INFO] Running com.datn.engflow.controller.speaking.SpeakingEndpointCompatibilityTest
[INFO] Tests run: 2, Failures: 0, Errors: 0, Skipped: 0, Time elapsed: 0.008 s -- in com.datn.engflow.controller.speaking.SpeakingEndpointCompatibilityTest
[INFO] Running com.datn.engflow.controller.speaking.SpeakingPromptPremiumVisibilityTest
2026-09-27T19:40:34.206+07:00  INFO 22360 --- [engflow] [           main] t.c.s.AnnotationConfigContextLoaderUtils : Could not detect default configuration classes for test class [com.datn.engflow.controller.speaking.SpeakingPromptPremiumVisibilityTest]: SpeakingPromptPremiumVisibilityTest does not declare any static, non-private, non-final, nested classes annotated with @Configuration.
2026-09-27T19:40:34.241+07:00  INFO 22360 --- [engflow] [           main] .b.t.c.SpringBootTestContextBootstrapper : Found @SpringBootConfiguration com.datn.engflow.EngflowApplication for test class com.datn.engflow.controller.speaking.SpeakingPromptPremiumVisibilityTest
2026-09-27T19:40:34.242+07:00  INFO 22360 --- [engflow] [           main] t.c.s.AnnotationConfigContextLoaderUtils : Could not detect default configuration classes for test class [com.datn.engflow.controller.speaking.SpeakingPromptPremiumVisibilityTest]: SpeakingPromptPremiumVisibilityTest does not declare any static, non-private, non-final, nested classes annotated with @Configuration.
2026-09-27T19:40:34.242+07:00  INFO 22360 --- [engflow] [           main] .b.t.c.SpringBootTestContextBootstrapper : Found @SpringBootConfiguration com.datn.engflow.EngflowApplication for test class com.datn.engflow.controller.speaking.SpeakingPromptPremiumVisibilityTest
2026-09-27T19:40:34.251+07:00  INFO 22360 --- [engflow] [           main] o.s.b.t.m.w.SpringBootMockServletContext : Initializing Spring TestDispatcherServlet ''
2026-09-27T19:40:34.251+07:00  INFO 22360 --- [engflow] [           main] o.s.t.web.servlet.TestDispatcherServlet  : Initializing Servlet ''
2026-09-27T19:40:34.251+07:00  INFO 22360 --- [engflow] [           main] o.s.t.web.servlet.TestDispatcherServlet  : Completed initialization in 0 ms
2026-09-27T19:40:34.304+07:00  WARN 22360 --- [engflow] [           main] ration$PageModule$WarningLoggingModifier : Serializing PageImpl instances as-is is not supported, meaning that there is no guarantee about the stability of the resulting JSON structure!
	For a stable JSON structure, please use Spring Data's PagedModel (globally via @EnableSpringDataWebSupport(pageSerializationMode = VIA_DTO))
	or Spring HATEOAS and Spring Data's PagedResourcesAssembler as documented in https://docs.spring.io/spring-data/commons/reference/repositories/core-extensions.html#core.web.pageables.

2026-09-27T19:40:34.335+07:00  INFO 22360 --- [engflow] [           main] o.s.b.t.m.w.SpringBootMockServletContext : Initializing Spring TestDispatcherServlet ''
2026-09-27T19:40:34.336+07:00  INFO 22360 --- [engflow] [           main] o.s.t.web.servlet.TestDispatcherServlet  : Initializing Servlet ''
2026-09-27T19:40:34.337+07:00  INFO 22360 --- [engflow] [           main] o.s.t.web.servlet.TestDispatcherServlet  : Completed initialization in 1 ms
2026-09-27T19:40:34.385+07:00  INFO 22360 --- [engflow] [           main] o.s.b.t.m.w.SpringBootMockServletContext : Initializing Spring TestDispatcherServlet ''
2026-09-27T19:40:34.385+07:00  INFO 22360 --- [engflow] [           main] o.s.t.web.servlet.TestDispatcherServlet  : Initializing Servlet ''
2026-09-27T19:40:34.387+07:00  INFO 22360 --- [engflow] [           main] o.s.t.web.servlet.TestDispatcherServlet  : Completed initialization in 2 ms
2026-09-27T19:40:34.427+07:00  INFO 22360 --- [engflow] [           main] o.s.b.t.m.w.SpringBootMockServletContext : Initializing Spring TestDispatcherServlet ''
2026-09-27T19:40:34.427+07:00  INFO 22360 --- [engflow] [           main] o.s.t.web.servlet.TestDispatcherServlet  : Initializing Servlet ''
2026-09-27T19:40:34.427+07:00  INFO 22360 --- [engflow] [           main] o.s.t.web.servlet.TestDispatcherServlet  : Completed initialization in 0 ms
2026-09-27T19:40:34.447+07:00  INFO 22360 --- [engflow] [           main] o.s.b.t.m.w.SpringBootMockServletContext : Initializing Spring TestDispatcherServlet ''
2026-09-27T19:40:34.448+07:00  INFO 22360 --- [engflow] [           main] o.s.t.web.servlet.TestDispatcherServlet  : Initializing Servlet ''
2026-09-27T19:40:34.449+07:00  INFO 22360 --- [engflow] [           main] o.s.t.web.servlet.TestDispatcherServlet  : Completed initialization in 1 ms
2026-09-27T19:40:34.508+07:00  INFO 22360 --- [engflow] [           main] o.s.b.t.m.w.SpringBootMockServletContext : Initializing Spring TestDispatcherServlet ''
2026-09-27T19:40:34.508+07:00  INFO 22360 --- [engflow] [           main] o.s.t.web.servlet.TestDispatcherServlet  : Initializing Servlet ''
2026-09-27T19:40:34.509+07:00  INFO 22360 --- [engflow] [           main] o.s.t.web.servlet.TestDispatcherServlet  : Completed initialization in 1 ms
2026-09-27T19:40:34.540+07:00  INFO 22360 --- [engflow] [           main] o.s.b.t.m.w.SpringBootMockServletContext : Initializing Spring TestDispatcherServlet ''
2026-09-27T19:40:34.540+07:00  INFO 22360 --- [engflow] [           main] o.s.t.web.servlet.TestDispatcherServlet  : Initializing Servlet ''
2026-09-27T19:40:34.544+07:00  INFO 22360 --- [engflow] [           main] o.s.t.web.servlet.TestDispatcherServlet  : Completed initialization in 4 ms
2026-09-27T19:40:34.586+07:00  INFO 22360 --- [engflow] [           main] o.s.b.t.m.w.SpringBootMockServletContext : Initializing Spring TestDispatcherServlet ''
2026-09-27T19:40:34.586+07:00  INFO 22360 --- [engflow] [           main] o.s.t.web.servlet.TestDispatcherServlet  : Initializing Servlet ''
2026-09-27T19:40:34.588+07:00  INFO 22360 --- [engflow] [           main] o.s.t.web.servlet.TestDispatcherServlet  : Completed initialization in 2 ms
[INFO] Tests run: 8, Failures: 0, Errors: 0, Skipped: 0, Time elapsed: 0.406 s -- in com.datn.engflow.controller.speaking.SpeakingPromptPremiumVisibilityTest
[INFO] Running com.datn.engflow.controller.StudySnapshotControllerTest
2026-09-27T19:40:34.852+07:00  INFO 22360 --- [engflow] [           main] o.s.mock.web.MockServletContext          : Initializing Spring TestDispatcherServlet ''
2026-09-27T19:40:34.852+07:00  INFO 22360 --- [engflow] [           main] o.s.t.web.servlet.TestDispatcherServlet  : Initializing Servlet ''
2026-09-27T19:40:34.853+07:00  INFO 22360 --- [engflow] [           main] o.s.t.web.servlet.TestDispatcherServlet  : Completed initialization in 1 ms
2026-09-27T19:40:35.234+07:00  INFO 22360 --- [engflow] [           main] o.s.mock.web.MockServletContext          : Initializing Spring TestDispatcherServlet ''
2026-09-27T19:40:35.234+07:00  INFO 22360 --- [engflow] [           main] o.s.t.web.servlet.TestDispatcherServlet  : Initializing Servlet ''
2026-09-27T19:40:35.234+07:00  INFO 22360 --- [engflow] [           main] o.s.t.web.servlet.TestDispatcherServlet  : Completed initialization in 0 ms
[INFO] Tests run: 2, Failures: 0, Errors: 0, Skipped: 0, Time elapsed: 0.634 s -- in com.datn.engflow.controller.StudySnapshotControllerTest
[INFO] Running com.datn.engflow.controller.video.AuditV8VideoLessonDraftVisibilityTest
2026-09-27T19:40:35.247+07:00  INFO 22360 --- [engflow] [           main] t.c.s.AnnotationConfigContextLoaderUtils : Could not detect default configuration classes for test class [com.datn.engflow.controller.video.AuditV8VideoLessonDraftVisibilityTest]: AuditV8VideoLessonDraftVisibilityTest does not declare any static, non-private, non-final, nested classes annotated with @Configuration.
2026-09-27T19:40:35.277+07:00  INFO 22360 --- [engflow] [           main] .b.t.c.SpringBootTestContextBootstrapper : Found @SpringBootConfiguration com.datn.engflow.EngflowApplication for test class com.datn.engflow.controller.video.AuditV8VideoLessonDraftVisibilityTest
2026-09-27T19:40:35.278+07:00  INFO 22360 --- [engflow] [           main] t.c.s.AnnotationConfigContextLoaderUtils : Could not detect default configuration classes for test class [com.datn.engflow.controller.video.AuditV8VideoLessonDraftVisibilityTest]: AuditV8VideoLessonDraftVisibilityTest does not declare any static, non-private, non-final, nested classes annotated with @Configuration.
2026-09-27T19:40:35.279+07:00  INFO 22360 --- [engflow] [           main] .b.t.c.SpringBootTestContextBootstrapper : Found @SpringBootConfiguration com.datn.engflow.EngflowApplication for test class com.datn.engflow.controller.video.AuditV8VideoLessonDraftVisibilityTest
2026-09-27T19:40:35.287+07:00  INFO 22360 --- [engflow] [           main] o.s.b.t.m.w.SpringBootMockServletContext : Initializing Spring TestDispatcherServlet ''
2026-09-27T19:40:35.288+07:00  INFO 22360 --- [engflow] [           main] o.s.t.web.servlet.TestDispatcherServlet  : Initializing Servlet ''
2026-09-27T19:40:35.289+07:00  INFO 22360 --- [engflow] [           main] o.s.t.web.servlet.TestDispatcherServlet  : Completed initialization in 1 ms
2026-09-27T19:40:35.377+07:00  INFO 22360 --- [engflow] [           main] o.s.b.t.m.w.SpringBootMockServletContext : Initializing Spring TestDispatcherServlet ''
2026-09-27T19:40:35.377+07:00  INFO 22360 --- [engflow] [           main] o.s.t.web.servlet.TestDispatcherServlet  : Initializing Servlet ''
2026-09-27T19:40:35.378+07:00  INFO 22360 --- [engflow] [           main] o.s.t.web.servlet.TestDispatcherServlet  : Completed initialization in 1 ms
2026-09-27T19:40:35.391+07:00  INFO 22360 --- [engflow] [           main] o.s.b.t.m.w.SpringBootMockServletContext : Initializing Spring TestDispatcherServlet ''
2026-09-27T19:40:35.391+07:00  INFO 22360 --- [engflow] [           main] o.s.t.web.servlet.TestDispatcherServlet  : Initializing Servlet ''
2026-09-27T19:40:35.392+07:00  INFO 22360 --- [engflow] [           main] o.s.t.web.servlet.TestDispatcherServlet  : Completed initialization in 1 ms
[INFO] Tests run: 3, Failures: 0, Errors: 0, Skipped: 0, Time elapsed: 0.156 s -- in com.datn.engflow.controller.video.AuditV8VideoLessonDraftVisibilityTest
[INFO] Running com.datn.engflow.controller.video.AuditV8VideoLessonUpdateTranscriptTest
2026-09-27T19:40:35.403+07:00  INFO 22360 --- [engflow] [           main] t.c.s.AnnotationConfigContextLoaderUtils : Could not detect default configuration classes for test class [com.datn.engflow.controller.video.AuditV8VideoLessonUpdateTranscriptTest]: AuditV8VideoLessonUpdateTranscriptTest does not declare any static, non-private, non-final, nested classes annotated with @Configuration.
2026-09-27T19:40:35.405+07:00  INFO 22360 --- [engflow] [           main] .b.t.c.SpringBootTestContextBootstrapper : Found @SpringBootConfiguration com.datn.engflow.EngflowApplication for test class com.datn.engflow.controller.video.AuditV8VideoLessonUpdateTranscriptTest
2026-09-27T19:40:35.405+07:00  INFO 22360 --- [engflow] [           main] t.c.s.AnnotationConfigContextLoaderUtils : Could not detect default configuration classes for test class [com.datn.engflow.controller.video.AuditV8VideoLessonUpdateTranscriptTest]: AuditV8VideoLessonUpdateTranscriptTest does not declare any static, non-private, non-final, nested classes annotated with @Configuration.
2026-09-27T19:40:35.405+07:00  INFO 22360 --- [engflow] [           main] .b.t.c.SpringBootTestContextBootstrapper : Found @SpringBootConfiguration com.datn.engflow.EngflowApplication for test class com.datn.engflow.controller.video.AuditV8VideoLessonUpdateTranscriptTest
2026-09-27T19:40:35.412+07:00  INFO 22360 --- [engflow] [           main] o.s.b.t.m.w.SpringBootMockServletContext : Initializing Spring TestDispatcherServlet ''
2026-09-27T19:40:35.412+07:00  INFO 22360 --- [engflow] [           main] o.s.t.web.servlet.TestDispatcherServlet  : Initializing Servlet ''
2026-09-27T19:40:35.413+07:00  INFO 22360 --- [engflow] [           main] o.s.t.web.servlet.TestDispatcherServlet  : Completed initialization in 1 ms
2026-09-27T19:40:35.443+07:00  INFO 22360 --- [engflow] [           main] o.s.b.t.m.w.SpringBootMockServletContext : Initializing Spring TestDispatcherServlet ''
2026-09-27T19:40:35.443+07:00  INFO 22360 --- [engflow] [           main] o.s.t.web.servlet.TestDispatcherServlet  : Initializing Servlet ''
2026-09-27T19:40:35.444+07:00  INFO 22360 --- [engflow] [           main] o.s.t.web.servlet.TestDispatcherServlet  : Completed initialization in 1 ms
2026-09-27T19:40:35.464+07:00  INFO 22360 --- [engflow] [           main] o.s.b.t.m.w.SpringBootMockServletContext : Initializing Spring TestDispatcherServlet ''
2026-09-27T19:40:35.464+07:00  INFO 22360 --- [engflow] [           main] o.s.t.web.servlet.TestDispatcherServlet  : Initializing Servlet ''
2026-09-27T19:40:35.465+07:00  INFO 22360 --- [engflow] [           main] o.s.t.web.servlet.TestDispatcherServlet  : Completed initialization in 1 ms
2026-09-27T19:40:35.482+07:00  INFO 22360 --- [engflow] [           main] o.s.b.t.m.w.SpringBootMockServletContext : Initializing Spring TestDispatcherServlet ''
2026-09-27T19:40:35.482+07:00  INFO 22360 --- [engflow] [           main] o.s.t.web.servlet.TestDispatcherServlet  : Initializing Servlet ''
2026-09-27T19:40:35.483+07:00  INFO 22360 --- [engflow] [           main] o.s.t.web.servlet.TestDispatcherServlet  : Completed initialization in 1 ms
2026-09-27T19:40:35.496+07:00  INFO 22360 --- [engflow] [           main] o.s.b.t.m.w.SpringBootMockServletContext : Initializing Spring TestDispatcherServlet ''
2026-09-27T19:40:35.496+07:00  INFO 22360 --- [engflow] [           main] o.s.t.web.servlet.TestDispatcherServlet  : Initializing Servlet ''
2026-09-27T19:40:35.496+07:00  INFO 22360 --- [engflow] [           main] o.s.t.web.servlet.TestDispatcherServlet  : Completed initialization in 0 ms
[INFO] Tests run: 5, Failures: 0, Errors: 0, Skipped: 0, Time elapsed: 0.107 s -- in com.datn.engflow.controller.video.AuditV8VideoLessonUpdateTranscriptTest
[INFO] Running com.datn.engflow.controller.video.VideoLessonUploadValidationTest
2026-09-27T19:40:35.512+07:00  INFO 22360 --- [engflow] [           main] t.c.s.AnnotationConfigContextLoaderUtils : Could not detect default configuration classes for test class [com.datn.engflow.controller.video.VideoLessonUploadValidationTest]: VideoLessonUploadValidationTest does not declare any static, non-private, non-final, nested classes annotated with @Configuration.
2026-09-27T19:40:35.513+07:00  INFO 22360 --- [engflow] [           main] .b.t.c.SpringBootTestContextBootstrapper : Found @SpringBootConfiguration com.datn.engflow.EngflowApplication for test class com.datn.engflow.controller.video.VideoLessonUploadValidationTest
2026-09-27T19:40:35.514+07:00  INFO 22360 --- [engflow] [           main] t.c.s.AnnotationConfigContextLoaderUtils : Could not detect default configuration classes for test class [com.datn.engflow.controller.video.VideoLessonUploadValidationTest]: VideoLessonUploadValidationTest does not declare any static, non-private, non-final, nested classes annotated with @Configuration.
2026-09-27T19:40:35.514+07:00  INFO 22360 --- [engflow] [           main] .b.t.c.SpringBootTestContextBootstrapper : Found @SpringBootConfiguration com.datn.engflow.EngflowApplication for test class com.datn.engflow.controller.video.VideoLessonUploadValidationTest
2026-09-27T19:40:35.521+07:00  INFO 22360 --- [engflow] [           main] o.s.b.t.m.w.SpringBootMockServletContext : Initializing Spring TestDispatcherServlet ''
2026-09-27T19:40:35.521+07:00  INFO 22360 --- [engflow] [           main] o.s.t.web.servlet.TestDispatcherServlet  : Initializing Servlet ''
2026-09-27T19:40:35.522+07:00  INFO 22360 --- [engflow] [           main] o.s.t.web.servlet.TestDispatcherServlet  : Completed initialization in 1 ms
2026-09-27T19:40:35.559+07:00  INFO 22360 --- [engflow] [           main] o.s.b.t.m.w.SpringBootMockServletContext : Initializing Spring TestDispatcherServlet ''
2026-09-27T19:40:35.559+07:00  INFO 22360 --- [engflow] [           main] o.s.t.web.servlet.TestDispatcherServlet  : Initializing Servlet ''
2026-09-27T19:40:35.560+07:00  INFO 22360 --- [engflow] [           main] o.s.t.web.servlet.TestDispatcherServlet  : Completed initialization in 1 ms
2026-09-27T19:40:35.580+07:00  INFO 22360 --- [engflow] [           main] o.s.b.t.m.w.SpringBootMockServletContext : Initializing Spring TestDispatcherServlet ''
2026-09-27T19:40:35.580+07:00  INFO 22360 --- [engflow] [           main] o.s.t.web.servlet.TestDispatcherServlet  : Initializing Servlet ''
2026-09-27T19:40:35.581+07:00  INFO 22360 --- [engflow] [           main] o.s.t.web.servlet.TestDispatcherServlet  : Completed initialization in 1 ms
2026-09-27T19:40:35.607+07:00  INFO 22360 --- [engflow] [           main] o.s.b.t.m.w.SpringBootMockServletContext : Initializing Spring TestDispatcherServlet ''
2026-09-27T19:40:35.607+07:00  INFO 22360 --- [engflow] [           main] o.s.t.web.servlet.TestDispatcherServlet  : Initializing Servlet ''
2026-09-27T19:40:35.609+07:00  INFO 22360 --- [engflow] [           main] o.s.t.web.servlet.TestDispatcherServlet  : Completed initialization in 2 ms
[INFO] Tests run: 4, Failures: 0, Errors: 0, Skipped: 0, Time elapsed: 0.122 s -- in com.datn.engflow.controller.video.VideoLessonUploadValidationTest
[INFO] Running com.datn.engflow.controller.VocabularyControllerEndpointTest
2026-09-27T19:40:35.639+07:00  INFO 22360 --- [engflow] [           main] t.c.s.AnnotationConfigContextLoaderUtils : Could not detect default configuration classes for test class [com.datn.engflow.controller.VocabularyControllerEndpointTest]: VocabularyControllerEndpointTest does not declare any static, non-private, non-final, nested classes annotated with @Configuration.
2026-09-27T19:40:35.643+07:00  INFO 22360 --- [engflow] [           main] .b.t.c.SpringBootTestContextBootstrapper : Found @SpringBootConfiguration com.datn.engflow.EngflowApplication for test class com.datn.engflow.controller.VocabularyControllerEndpointTest
2026-09-27T19:40:35.644+07:00  INFO 22360 --- [engflow] [           main] t.c.s.AnnotationConfigContextLoaderUtils : Could not detect default configuration classes for test class [com.datn.engflow.controller.VocabularyControllerEndpointTest]: VocabularyControllerEndpointTest does not declare any static, non-private, non-final, nested classes annotated with @Configuration.
2026-09-27T19:40:35.645+07:00  INFO 22360 --- [engflow] [           main] .b.t.c.SpringBootTestContextBootstrapper : Found @SpringBootConfiguration com.datn.engflow.EngflowApplication for test class com.datn.engflow.controller.VocabularyControllerEndpointTest
2026-09-27T19:40:35.654+07:00  INFO 22360 --- [engflow] [           main] o.s.b.t.m.w.SpringBootMockServletContext : Initializing Spring TestDispatcherServlet ''
2026-09-27T19:40:35.654+07:00  INFO 22360 --- [engflow] [           main] o.s.t.web.servlet.TestDispatcherServlet  : Initializing Servlet ''
2026-09-27T19:40:35.655+07:00  INFO 22360 --- [engflow] [           main] o.s.t.web.servlet.TestDispatcherServlet  : Completed initialization in 1 ms
2026-09-27T19:40:35.729+07:00  INFO 22360 --- [engflow] [           main] o.s.b.t.m.w.SpringBootMockServletContext : Initializing Spring TestDispatcherServlet ''
2026-09-27T19:40:35.730+07:00  INFO 22360 --- [engflow] [           main] o.s.t.web.servlet.TestDispatcherServlet  : Initializing Servlet ''
2026-09-27T19:40:35.730+07:00  INFO 22360 --- [engflow] [           main] o.s.t.web.servlet.TestDispatcherServlet  : Completed initialization in 0 ms
2026-09-27T19:40:35.753+07:00  INFO 22360 --- [engflow] [           main] o.s.b.t.m.w.SpringBootMockServletContext : Initializing Spring TestDispatcherServlet ''
2026-09-27T19:40:35.753+07:00  INFO 22360 --- [engflow] [           main] o.s.t.web.servlet.TestDispatcherServlet  : Initializing Servlet ''
2026-09-27T19:40:35.754+07:00  INFO 22360 --- [engflow] [           main] o.s.t.web.servlet.TestDispatcherServlet  : Completed initialization in 1 ms
[INFO] Tests run: 3, Failures: 0, Errors: 0, Skipped: 0, Time elapsed: 0.153 s -- in com.datn.engflow.controller.VocabularyControllerEndpointTest
[INFO] Running com.datn.engflow.EngflowApplicationTests
2026-09-27T19:40:35.790+07:00  INFO 22360 --- [engflow] [           main] t.c.s.AnnotationConfigContextLoaderUtils : Could not detect default configuration classes for test class [com.datn.engflow.EngflowApplicationTests]: EngflowApplicationTests does not declare any static, non-private, non-final, nested classes annotated with @Configuration.
2026-09-27T19:40:35.801+07:00  INFO 22360 --- [engflow] [           main] .b.t.c.SpringBootTestContextBootstrapper : Found @SpringBootConfiguration com.datn.engflow.EngflowApplication for test class com.datn.engflow.EngflowApplicationTests
2026-09-27T19:40:35.801+07:00  INFO 22360 --- [engflow] [           main] t.c.s.AnnotationConfigContextLoaderUtils : Could not detect default configuration classes for test class [com.datn.engflow.EngflowApplicationTests]: EngflowApplicationTests does not declare any static, non-private, non-final, nested classes annotated with @Configuration.
2026-09-27T19:40:35.802+07:00  INFO 22360 --- [engflow] [           main] .b.t.c.SpringBootTestContextBootstrapper : Found @SpringBootConfiguration com.datn.engflow.EngflowApplication for test class com.datn.engflow.EngflowApplicationTests
[INFO] Tests run: 1, Failures: 0, Errors: 0, Skipped: 0, Time elapsed: 0.016 s -- in com.datn.engflow.EngflowApplicationTests
[INFO] Running com.datn.engflow.exception.GlobalExceptionHandlerProblemDetailTest
2026-09-27T19:40:35.810+07:00  WARN 22360 --- [engflow] [           main] c.d.e.exception.GlobalExceptionHandler   : Invalid sort property: No property 'nonexistentProperty' found for type 'String'
2026-09-27T19:40:35.815+07:00  WARN 22360 --- [engflow] [           main] c.d.e.exception.GlobalExceptionHandler   : AI upstream unreachable: java.io.IOException: Connection refused
2026-09-27T19:40:35.816+07:00  WARN 22360 --- [engflow] [           main] c.d.e.exception.GlobalExceptionHandler   : AI upstream timeout: java.util.concurrent.TimeoutException: Did not observe any item within 30000ms
2026-09-27T19:40:35.818+07:00  WARN 22360 --- [engflow] [           main] c.d.e.exception.GlobalExceptionHandler   : AI upstream request failed: Connection refused: host.docker.internal/127.0.0.1:11434
2026-09-27T19:40:35.818+07:00  WARN 22360 --- [engflow] [           main] c.d.e.exception.GlobalExceptionHandler   : Timeout: 30s
2026-09-27T19:40:35.820+07:00 ERROR 22360 --- [engflow] [           main] c.d.e.exception.GlobalExceptionHandler   : Internal server error

reactor.core.Exceptions$ReactiveException: java.io.IOException: stream closed unexpectedly
	at reactor.core.Exceptions.propagate(Exceptions.java:410) ~[reactor-core-3.8.5.jar:3.8.5]
	at com.datn.engflow.exception.GlobalExceptionHandlerProblemDetailTest.otherReactiveErrorsStayOn500Not504(GlobalExceptionHandlerProblemDetailTest.java:82) ~[test-classes/:na]
	at java.base/jdk.internal.reflect.DirectMethodHandleAccessor.invoke(DirectMethodHandleAccessor.java:104) ~[na:na]
	at java.base/java.lang.reflect.Method.invoke(Method.java:565) ~[na:na]
	at org.junit.platform.commons.util.ReflectionUtils.invokeMethod(ReflectionUtils.java:701) ~[junit-platform-commons-6.0.3.jar:6.0.3]
	at org.junit.platform.commons.support.ReflectionSupport.invokeMethod(ReflectionSupport.java:502) ~[junit-platform-commons-6.0.3.jar:6.0.3]
	at org.junit.jupiter.engine.support.MethodReflectionUtils.invoke(MethodReflectionUtils.java:45) ~[junit-jupiter-engine-6.0.3.jar:6.0.3]
	at org.junit.jupiter.engine.execution.MethodInvocation.proceed(MethodInvocation.java:61) ~[junit-jupiter-engine-6.0.3.jar:6.0.3]
	at org.junit.jupiter.engine.execution.InvocationInterceptorChain$ValidatingInvocation.proceed(InvocationInterceptorChain.java:124) ~[junit-jupiter-engine-6.0.3.jar:6.0.3]
	at org.junit.jupiter.engine.extension.TimeoutExtension.intercept(TimeoutExtension.java:163) ~[junit-jupiter-engine-6.0.3.jar:6.0.3]
	at org.junit.jupiter.engine.extension.TimeoutExtension.interceptTestableMethod(TimeoutExtension.java:148) ~[junit-jupiter-engine-6.0.3.jar:6.0.3]
	at org.junit.jupiter.engine.extension.TimeoutExtension.interceptTestMethod(TimeoutExtension.java:86) ~[junit-jupiter-engine-6.0.3.jar:6.0.3]
	at org.junit.jupiter.engine.execution.InterceptingExecutableInvoker$ReflectiveInterceptorCall.lambda$ofVoidMethod$0(InterceptingExecutableInvoker.java:123) ~[junit-jupiter-engine-6.0.3.jar:6.0.3]
	at org.junit.jupiter.engine.execution.InterceptingExecutableInvoker.lambda$invoke$0(InterceptingExecutableInvoker.java:105) ~[junit-jupiter-engine-6.0.3.jar:6.0.3]
	at org.junit.jupiter.engine.execution.InvocationInterceptorChain$InterceptedInvocation.proceed(InvocationInterceptorChain.java:99) ~[junit-jupiter-engine-6.0.3.jar:6.0.3]
	at org.junit.jupiter.engine.execution.InvocationInterceptorChain.proceed(InvocationInterceptorChain.java:66) ~[junit-jupiter-engine-6.0.3.jar:6.0.3]
	at org.junit.jupiter.engine.execution.InvocationInterceptorChain.chainAndInvoke(InvocationInterceptorChain.java:47) ~[junit-jupiter-engine-6.0.3.jar:6.0.3]
	at org.junit.jupiter.engine.execution.InvocationInterceptorChain.invoke(InvocationInterceptorChain.java:39) ~[junit-jupiter-engine-6.0.3.jar:6.0.3]
	at org.junit.jupiter.engine.execution.InterceptingExecutableInvoker.invoke(InterceptingExecutableInvoker.java:104) ~[junit-jupiter-engine-6.0.3.jar:6.0.3]
	at org.junit.jupiter.engine.execution.InterceptingExecutableInvoker.invoke(InterceptingExecutableInvoker.java:98) ~[junit-jupiter-engine-6.0.3.jar:6.0.3]
	at org.junit.jupiter.engine.execution.InterceptingExecutableInvoker.invokeVoid(InterceptingExecutableInvoker.java:71) ~[junit-jupiter-engine-6.0.3.jar:6.0.3]
	at org.junit.jupiter.engine.descriptor.TestMethodTestDescriptor.lambda$invokeTestMethod$0(TestMethodTestDescriptor.java:219) ~[junit-jupiter-engine-6.0.3.jar:6.0.3]
	at org.junit.platform.engine.support.hierarchical.ThrowableCollector.execute(ThrowableCollector.java:74) ~[junit-platform-engine-6.0.3.jar:6.0.3]
	at org.junit.jupiter.engine.descriptor.TestMethodTestDescriptor.invokeTestMethod(TestMethodTestDescriptor.java:215) ~[junit-jupiter-engine-6.0.3.jar:6.0.3]
	at org.junit.jupiter.engine.descriptor.TestMethodTestDescriptor.execute(TestMethodTestDescriptor.java:157) ~[junit-jupiter-engine-6.0.3.jar:6.0.3]
	at org.junit.jupiter.engine.descriptor.TestMethodTestDescriptor.execute(TestMethodTestDescriptor.java:70) ~[junit-jupiter-engine-6.0.3.jar:6.0.3]
	at org.junit.platform.engine.support.hierarchical.NodeTestTask.lambda$executeRecursively$2(NodeTestTask.java:176) ~[junit-platform-engine-6.0.3.jar:6.0.3]
	at org.junit.platform.engine.support.hierarchical.ThrowableCollector.execute(ThrowableCollector.java:74) ~[junit-platform-engine-6.0.3.jar:6.0.3]
	at org.junit.platform.engine.support.hierarchical.NodeTestTask.lambda$executeRecursively$1(NodeTestTask.java:166) ~[junit-platform-engine-6.0.3.jar:6.0.3]
	at org.junit.platform.engine.support.hierarchical.Node.around(Node.java:138) ~[junit-platform-engine-6.0.3.jar:6.0.3]
	at org.junit.platform.engine.support.hierarchical.NodeTestTask.lambda$executeRecursively$0(NodeTestTask.java:164) ~[junit-platform-engine-6.0.3.jar:6.0.3]
	at org.junit.platform.engine.support.hierarchical.ThrowableCollector.execute(ThrowableCollector.java:74) ~[junit-platform-engine-6.0.3.jar:6.0.3]
	at org.junit.platform.engine.support.hierarchical.NodeTestTask.executeRecursively(NodeTestTask.java:163) ~[junit-platform-engine-6.0.3.jar:6.0.3]
	at org.junit.platform.engine.support.hierarchical.NodeTestTask.execute(NodeTestTask.java:116) ~[junit-platform-engine-6.0.3.jar:6.0.3]
	at java.base/java.util.ArrayList.forEach(ArrayList.java:1604) ~[na:na]
	at org.junit.platform.engine.support.hierarchical.SameThreadHierarchicalTestExecutorService.invokeAll(SameThreadHierarchicalTestExecutorService.java:42) ~[junit-platform-engine-6.0.3.jar:6.0.3]
	at org.junit.platform.engine.support.hierarchical.NodeTestTask.lambda$executeRecursively$2(NodeTestTask.java:180) ~[junit-platform-engine-6.0.3.jar:6.0.3]
	at org.junit.platform.engine.support.hierarchical.ThrowableCollector.execute(ThrowableCollector.java:74) ~[junit-platform-engine-6.0.3.jar:6.0.3]
	at org.junit.platform.engine.support.hierarchical.NodeTestTask.lambda$executeRecursively$1(NodeTestTask.java:166) ~[junit-platform-engine-6.0.3.jar:6.0.3]
	at org.junit.platform.engine.support.hierarchical.Node.around(Node.java:138) ~[junit-platform-engine-6.0.3.jar:6.0.3]
	at org.junit.platform.engine.support.hierarchical.NodeTestTask.lambda$executeRecursively$0(NodeTestTask.java:164) ~[junit-platform-engine-6.0.3.jar:6.0.3]
	at org.junit.platform.engine.support.hierarchical.ThrowableCollector.execute(ThrowableCollector.java:74) ~[junit-platform-engine-6.0.3.jar:6.0.3]
	at org.junit.platform.engine.support.hierarchical.NodeTestTask.executeRecursively(NodeTestTask.java:163) ~[junit-platform-engine-6.0.3.jar:6.0.3]
	at org.junit.platform.engine.support.hierarchical.NodeTestTask.execute(NodeTestTask.java:116) ~[junit-platform-engine-6.0.3.jar:6.0.3]
	at java.base/java.util.ArrayList.forEach(ArrayList.java:1604) ~[na:na]
	at org.junit.platform.engine.support.hierarchical.SameThreadHierarchicalTestExecutorService.invokeAll(SameThreadHierarchicalTestExecutorService.java:42) ~[junit-platform-engine-6.0.3.jar:6.0.3]
	at org.junit.platform.engine.support.hierarchical.NodeTestTask.lambda$executeRecursively$2(NodeTestTask.java:180) ~[junit-platform-engine-6.0.3.jar:6.0.3]
	at org.junit.platform.engine.support.hierarchical.ThrowableCollector.execute(ThrowableCollector.java:74) ~[junit-platform-engine-6.0.3.jar:6.0.3]
	at org.junit.platform.engine.support.hierarchical.NodeTestTask.lambda$executeRecursively$1(NodeTestTask.java:166) ~[junit-platform-engine-6.0.3.jar:6.0.3]
	at org.junit.platform.engine.support.hierarchical.Node.around(Node.java:138) ~[junit-platform-engine-6.0.3.jar:6.0.3]
	at org.junit.platform.engine.support.hierarchical.NodeTestTask.lambda$executeRecursively$0(NodeTestTask.java:164) ~[junit-platform-engine-6.0.3.jar:6.0.3]
	at org.junit.platform.engine.support.hierarchical.ThrowableCollector.execute(ThrowableCollector.java:74) ~[junit-platform-engine-6.0.3.jar:6.0.3]
	at org.junit.platform.engine.support.hierarchical.NodeTestTask.executeRecursively(NodeTestTask.java:163) ~[junit-platform-engine-6.0.3.jar:6.0.3]
	at org.junit.platform.engine.support.hierarchical.NodeTestTask.execute(NodeTestTask.java:116) ~[junit-platform-engine-6.0.3.jar:6.0.3]
	at org.junit.platform.engine.support.hierarchical.SameThreadHierarchicalTestExecutorService.submit(SameThreadHierarchicalTestExecutorService.java:36) ~[junit-platform-engine-6.0.3.jar:6.0.3]
	at org.junit.platform.engine.support.hierarchical.HierarchicalTestExecutor.execute(HierarchicalTestExecutor.java:52) ~[junit-platform-engine-6.0.3.jar:6.0.3]
	at org.junit.platform.engine.support.hierarchical.HierarchicalTestEngine.execute(HierarchicalTestEngine.java:58) ~[junit-platform-engine-6.0.3.jar:6.0.3]
	at org.junit.platform.launcher.core.EngineExecutionOrchestrator.executeEngine(EngineExecutionOrchestrator.java:246) ~[junit-platform-launcher-6.0.3.jar:6.0.3]
	at org.junit.platform.launcher.core.EngineExecutionOrchestrator.failOrExecuteEngine(EngineExecutionOrchestrator.java:218) ~[junit-platform-launcher-6.0.3.jar:6.0.3]
	at org.junit.platform.launcher.core.EngineExecutionOrchestrator.execute(EngineExecutionOrchestrator.java:179) ~[junit-platform-launcher-6.0.3.jar:6.0.3]
	at org.junit.platform.launcher.core.EngineExecutionOrchestrator.execute(EngineExecutionOrchestrator.java:108) ~[junit-platform-launcher-6.0.3.jar:6.0.3]
	at org.junit.platform.launcher.core.EngineExecutionOrchestrator.lambda$execute$0(EngineExecutionOrchestrator.java:66) ~[junit-platform-launcher-6.0.3.jar:6.0.3]
	at org.junit.platform.launcher.core.EngineExecutionOrchestrator.withInterceptedStreams(EngineExecutionOrchestrator.java:157) ~[junit-platform-launcher-6.0.3.jar:6.0.3]
	at org.junit.platform.launcher.core.EngineExecutionOrchestrator.execute(EngineExecutionOrchestrator.java:65) ~[junit-platform-launcher-6.0.3.jar:6.0.3]
	at org.junit.platform.launcher.core.DefaultLauncher.execute(DefaultLauncher.java:125) ~[junit-platform-launcher-6.0.3.jar:6.0.3]
	at org.junit.platform.launcher.core.DefaultLauncher.execute(DefaultLauncher.java:114) ~[junit-platform-launcher-6.0.3.jar:6.0.3]
	at org.junit.platform.launcher.core.DelegatingLauncher.execute(DelegatingLauncher.java:58) ~[junit-platform-launcher-6.0.3.jar:6.0.3]
	at org.junit.platform.launcher.core.InterceptingLauncher.lambda$execute$2(InterceptingLauncher.java:57) ~[junit-platform-launcher-6.0.3.jar:6.0.3]
	at org.junit.platform.launcher.core.ClasspathAlignmentCheckingLauncherInterceptor.intercept(ClasspathAlignmentCheckingLauncherInterceptor.java:25) ~[junit-platform-launcher-6.0.3.jar:6.0.3]
	at org.junit.platform.launcher.core.InterceptingLauncher.execute(InterceptingLauncher.java:56) ~[junit-platform-launcher-6.0.3.jar:6.0.3]
	at org.junit.platform.launcher.core.DelegatingLauncher.execute(DelegatingLauncher.java:58) ~[junit-platform-launcher-6.0.3.jar:6.0.3]
	at java.base/jdk.internal.reflect.DirectMethodHandleAccessor.invoke(DirectMethodHandleAccessor.java:104) ~[na:na]
	at java.base/java.lang.reflect.Method.invoke(Method.java:565) ~[na:na]
	at org.apache.maven.surefire.api.util.ReflectionUtils.invokeMethodWithArray(ReflectionUtils.java:125) ~[surefire-api-3.5.5.jar:3.5.5]
	at org.apache.maven.surefire.junitplatform.LauncherAdapter.executeWithCancellationToken(LauncherAdapter.java:68) ~[surefire-junit-platform-3.5.5.jar:3.5.5]
	at org.apache.maven.surefire.junitplatform.LauncherAdapter.execute(LauncherAdapter.java:54) ~[surefire-junit-platform-3.5.5.jar:3.5.5]
	at org.apache.maven.surefire.junitplatform.JUnitPlatformProvider.execute(JUnitPlatformProvider.java:203) ~[surefire-junit-platform-3.5.5.jar:3.5.5]
	at org.apache.maven.surefire.junitplatform.JUnitPlatformProvider.invokeAllTests(JUnitPlatformProvider.java:168) ~[surefire-junit-platform-3.5.5.jar:3.5.5]
	at org.apache.maven.surefire.junitplatform.JUnitPlatformProvider.invoke(JUnitPlatformProvider.java:136) ~[surefire-junit-platform-3.5.5.jar:3.5.5]
	at org.apache.maven.surefire.booter.ForkedBooter.runSuitesInProcess(ForkedBooter.java:385) ~[surefire-booter-3.5.5.jar:3.5.5]
	at org.apache.maven.surefire.booter.ForkedBooter.execute(ForkedBooter.java:162) ~[surefire-booter-3.5.5.jar:3.5.5]
	at org.apache.maven.surefire.booter.ForkedBooter.run(ForkedBooter.java:507) ~[surefire-booter-3.5.5.jar:3.5.5]
	at org.apache.maven.surefire.booter.ForkedBooter.main(ForkedBooter.java:495) ~[surefire-booter-3.5.5.jar:3.5.5]
Caused by: java.io.IOException: stream closed unexpectedly
	... 82 common frames omitted

2026-09-27T19:40:35.822+07:00  WARN 22360 --- [engflow] [           main] c.d.e.exception.GlobalExceptionHandler   : Entity not found: Lesson not found: 1
[INFO] Tests run: 8, Failures: 0, Errors: 0, Skipped: 0, Time elapsed: 0.016 s -- in com.datn.engflow.exception.GlobalExceptionHandlerProblemDetailTest
[INFO] Running com.datn.engflow.HarnessDriftTest
[INFO] Tests run: 3, Failures: 0, Errors: 0, Skipped: 0, Time elapsed: 0.079 s -- in com.datn.engflow.HarnessDriftTest
[INFO] Running com.datn.engflow.model.dto.response.SpeakingSubmissionResponseTest
[INFO] Tests run: 1, Failures: 0, Errors: 0, Skipped: 0, Time elapsed: 0.016 s -- in com.datn.engflow.model.dto.response.SpeakingSubmissionResponseTest
[INFO] Running com.datn.engflow.model.entity.StudyPolicySingletonGuardTest
[INFO] Tests run: 1, Failures: 0, Errors: 0, Skipped: 0, Time elapsed: 0.010 s -- in com.datn.engflow.model.entity.StudyPolicySingletonGuardTest
[INFO] Running com.datn.engflow.security.JwtAuthenticationFilterInactiveTest
2026-09-27T19:40:36.082+07:00  WARN 22360 --- [engflow] [           main] c.d.e.security.JwtAuthenticationFilter   : Disabled account attempted access: null
[INFO] Tests run: 2, Failures: 0, Errors: 0, Skipped: 0, Time elapsed: 0.151 s -- in com.datn.engflow.security.JwtAuthenticationFilterInactiveTest
[INFO] Running com.datn.engflow.security.RateLimitFilterTest
2026-09-27T19:40:36.239+07:00  WARN 22360 --- [engflow] [           main] c.datn.engflow.security.RateLimitFilter  : Rate limit exceeded for IP: 9.9.9.9 on URI: /api/v1/payment/create-order
2026-09-27T19:40:36.243+07:00  WARN 22360 --- [engflow] [           main] c.datn.engflow.security.RateLimitFilter  : Rate limit EXPIRE failed for key rate_limit:5.6.7.8:global, deleted best-effort: expire fail
2026-09-27T19:40:36.265+07:00  WARN 22360 --- [engflow] [           main] c.datn.engflow.security.RateLimitFilter  : Rate limit exceeded for IP: 1.2.3.4 on URI: /api/auth/login
2026-09-27T19:40:36.284+07:00  WARN 22360 --- [engflow] [           main] c.datn.engflow.security.RateLimitFilter  : Rate limit exceeded for IP: 8.8.8.8 on URI: /api/ai/enrich-word
2026-09-27T19:40:36.293+07:00  WARN 22360 --- [engflow] [           main] c.datn.engflow.security.RateLimitFilter  : Rate limit EXPIRE failed for key rate_limit:5.6.7.8:global, deleted best-effort: expire fail
2026-09-27T19:40:36.299+07:00  WARN 22360 --- [engflow] [           main] c.datn.engflow.security.RateLimitFilter  : Redis unavailable for rate limiting (IP=1.2.3.4, URI=/api/auth/login), fail-open: Redis down
[INFO] Tests run: 14, Failures: 0, Errors: 0, Skipped: 0, Time elapsed: 0.231 s -- in com.datn.engflow.security.RateLimitFilterTest
[INFO] Running com.datn.engflow.service.AdminServiceDashboardStreakSourceTest
[INFO] Tests run: 3, Failures: 0, Errors: 0, Skipped: 0, Time elapsed: 0.577 s -- in com.datn.engflow.service.AdminServiceDashboardStreakSourceTest
[INFO] Running com.datn.engflow.service.AdminServicePaginationTest
[INFO] Tests run: 3, Failures: 0, Errors: 0, Skipped: 0, Time elapsed: 0.025 s -- in com.datn.engflow.service.AdminServicePaginationTest
[INFO] Running com.datn.engflow.service.AiAnswerBackfillServiceTest
2026-09-27T19:40:36.934+07:00  INFO 22360 --- [engflow] [answer-backfill] c.d.e.service.AiAnswerBackfillService    : Backfill lesson 100: 2/2 filled (dryRun=true)
2026-09-27T19:40:36.934+07:00  INFO 22360 --- [engflow] [answer-backfill] c.d.e.service.AiAnswerBackfillService    : Backfill lesson 200: 1/1 filled (dryRun=true)
2026-09-27T19:40:36.934+07:00  INFO 22360 --- [engflow] [answer-backfill] c.d.e.service.AiAnswerBackfillService    : Backfill c9358524-a8c7-4541-8890-89d29e63e39d done: total=3 backfilled=3 (det=3 ai=0) unfillable=0 errors=0 in 1ms [DRY-RUN]
2026-09-27T19:40:36.970+07:00  INFO 22360 --- [engflow] [answer-backfill] c.d.e.service.AiAnswerBackfillService    : Backfill lesson 100: 3/3 filled (dryRun=false)
2026-09-27T19:40:36.970+07:00  INFO 22360 --- [engflow] [answer-backfill] c.d.e.service.AiAnswerBackfillService    : Backfill fa31cd41-fed3-490a-9116-443b16ff1589 done: total=3 backfilled=3 (det=3 ai=0) unfillable=0 errors=0 in 1ms
2026-09-27T19:40:36.999+07:00  INFO 22360 --- [engflow] [answer-backfill] c.d.e.service.AiAnswerBackfillService    : Backfill lesson 100: 3/3 filled (dryRun=false)
2026-09-27T19:40:36.999+07:00  INFO 22360 --- [engflow] [answer-backfill] c.d.e.service.AiAnswerBackfillService    : Backfill e6712205-806d-4ded-bc49-a817d52b43cc done: total=3 backfilled=3 (det=3 ai=0) unfillable=0 errors=0 in 1ms
2026-09-27T19:40:37.025+07:00  INFO 22360 --- [engflow] [answer-backfill] c.d.e.service.AiAnswerBackfillService    : Backfill 97435c9c-a36e-4640-8cd8-042806610616 done: total=1 backfilled=0 (det=0 ai=0) unfillable=1 errors=0 in 0ms
2026-09-27T19:40:37.056+07:00  INFO 22360 --- [engflow] [answer-backfill] c.d.e.service.AiAnswerBackfillService    : Backfill lesson 200: 1/1 filled (dryRun=false)
2026-09-27T19:40:37.056+07:00  INFO 22360 --- [engflow] [answer-backfill] c.d.e.service.AiAnswerBackfillService    : Backfill 0bc722e7-6e8c-47b2-954a-6aa043024b12 done: total=1 backfilled=1 (det=1 ai=0) unfillable=0 errors=0 in 1ms
[INFO] Tests run: 21, Failures: 0, Errors: 0, Skipped: 0, Time elapsed: 0.156 s -- in com.datn.engflow.service.AiAnswerBackfillServiceTest
[INFO] Running com.datn.engflow.service.AiExerciseServiceListeningTtsTest
2026-09-27T19:40:37.310+07:00  INFO 22360 --- [engflow] [           main] c.d.engflow.service.AiExerciseService    : TTS audio generated: https://cdn.example/audio.wav
2026-09-27T19:40:37.313+07:00  WARN 22360 --- [engflow] [           main] c.d.engflow.service.AiExerciseService    : TTS failed: boom
2026-09-27T19:40:37.313+07:00  INFO 22360 --- [engflow] [           main] c.d.engflow.service.AiExerciseService    : TTS audio generated: https://cdn.example/ok.wav
[INFO] Tests run: 4, Failures: 0, Errors: 0, Skipped: 0, Time elapsed: 0.237 s -- in com.datn.engflow.service.AiExerciseServiceListeningTtsTest
[INFO] Running com.datn.engflow.service.AiExerciseServiceParsingTest
[INFO] Tests run: 20, Failures: 0, Errors: 0, Skipped: 0, Time elapsed: 0.067 s -- in com.datn.engflow.service.AiExerciseServiceParsingTest
[INFO] Running com.datn.engflow.service.AiPromptServiceExtractTest
2026-09-27T19:40:37.402+07:00  INFO 22360 --- [engflow] [           main] c.datn.engflow.service.AiPromptService   : AI output was not JSON; using cleaned raw text as reference
[INFO] Tests run: 3, Failures: 0, Errors: 0, Skipped: 0, Time elapsed: 0.019 s -- in com.datn.engflow.service.AiPromptServiceExtractTest
[INFO] Running com.datn.engflow.service.AiPromptServiceFullPromptTest
2026-09-27T19:40:37.428+07:00  INFO 22360 --- [engflow] [           main] c.datn.engflow.service.AiPromptService   : Full prompt output not JSON; using raw text as referenceText
[INFO] Tests run: 4, Failures: 0, Errors: 0, Skipped: 0, Time elapsed: 0.022 s -- in com.datn.engflow.service.AiPromptServiceFullPromptTest
[INFO] Running com.datn.engflow.service.AiVocabServiceLenientParseTest
[INFO] Tests run: 5, Failures: 0, Errors: 0, Skipped: 0, Time elapsed: 0.026 s -- in com.datn.engflow.service.AiVocabServiceLenientParseTest
[INFO] Running com.datn.engflow.service.assessment.SpeakingRubricParsingTest
[INFO] Tests run: 8, Failures: 0, Errors: 0, Skipped: 0, Time elapsed: 0.020 s -- in com.datn.engflow.service.assessment.SpeakingRubricParsingTest
[INFO] Running com.datn.engflow.service.assessment.SpeakingTranscriptClientTest
2026-09-27T19:40:37.846+07:00  WARN 22360 --- [engflow] [           main] c.d.e.s.a.SpeakingAssessmentService      : Whisper sidecar call failed: org.springframework.web.reactive.function.client.WebClientRequestException: Connection refused: getsockopt: /127.0.0.1:1
2026-09-27T19:40:37.861+07:00  WARN 22360 --- [engflow] [           main] c.d.e.s.a.SpeakingAssessmentService      : Rubric scoring failed for submission 2: LLM không ph?n h?i: Connection refused: getsockopt: localhost/127.0.0.1:1 — retrying once
2026-09-27T19:40:37.864+07:00  WARN 22360 --- [engflow] [           main] c.d.e.s.a.SpeakingAssessmentService      : Rubric retry failed for submission 2: LLM không ph?n h?i: Connection refused: getsockopt: localhost/127.0.0.1:1
2026-09-27T19:40:37.868+07:00  WARN 22360 --- [engflow] [           main] c.d.e.s.a.SpeakingAssessmentService      : Transcription failed for object speaking/missing.webm: Cannot invoke "org.springframework.core.io.InputStreamResource.getInputStream()" because the return value of "com.datn.engflow.service.MinioService.getObject(String)" is null
[INFO] Tests run: 8, Failures: 0, Errors: 0, Skipped: 0, Time elapsed: 0.386 s -- in com.datn.engflow.service.assessment.SpeakingTranscriptClientTest
[INFO] Running com.datn.engflow.service.assessment.TranscriptAlignmentMetricsTest
[INFO] Tests run: 7, Failures: 0, Errors: 0, Skipped: 0, Time elapsed: 0.006 s -- in com.datn.engflow.service.assessment.TranscriptAlignmentMetricsTest
[INFO] Running com.datn.engflow.service.AuditV9SrsIntervalCapTest
[INFO] Tests run: 6, Failures: 0, Errors: 0, Skipped: 0, Time elapsed: 0.232 s -- in com.datn.engflow.service.AuditV9SrsIntervalCapTest
[INFO] Running com.datn.engflow.service.AuditV9SrsIntervalOverflowTest
[WARNING] Tests run: 3, Failures: 0, Errors: 0, Skipped: 3, Time elapsed: 0.001 s -- in com.datn.engflow.service.AuditV9SrsIntervalOverflowTest
[INFO] Running com.datn.engflow.service.AuditV9SrsSqlServerRoundTripTest
[WARNING] Tests run: 1, Failures: 0, Errors: 0, Skipped: 1, Time elapsed: 0 s -- in com.datn.engflow.service.AuditV9SrsSqlServerRoundTripTest
[INFO] Running com.datn.engflow.service.DashboardServiceTest
[INFO] Tests run: 1, Failures: 0, Errors: 0, Skipped: 0, Time elapsed: 0.072 s -- in com.datn.engflow.service.DashboardServiceTest
[INFO] Running com.datn.engflow.service.DeckServicePaginationTest
[INFO] Tests run: 3, Failures: 0, Errors: 0, Skipped: 0, Time elapsed: 0.084 s -- in com.datn.engflow.service.DeckServicePaginationTest
[INFO] Running com.datn.engflow.service.DictionaryServiceTest
2026-09-27T19:40:38.520+07:00  WARN 22360 --- [engflow] [           main] c.d.engflow.service.DictionaryService    : Dictionary cache write failed for 'ubiquitous': redis write failed
2026-09-27T19:40:38.523+07:00  WARN 22360 --- [engflow] [           main] c.d.engflow.service.DictionaryService    : Dictionary cache read failed for 'ubiquitous': redis read failed
2026-09-27T19:40:38.530+07:00  WARN 22360 --- [engflow] [           main] c.d.engflow.service.DictionaryService    : Dictionary proxy failed for 'ubiquitous': read timed out
[INFO] Tests run: 8, Failures: 0, Errors: 0, Skipped: 0, Time elapsed: 0.259 s -- in com.datn.engflow.service.DictionaryServiceTest
[INFO] Running com.datn.engflow.service.DictionaryWarmupServiceTest
2026-09-27T19:40:38.640+07:00  INFO 22360 --- [engflow] [           main] c.d.e.service.DictionaryWarmupService    : Dictionary warm-up starting: 2809 words (cap 6)
2026-09-27T19:40:38.640+07:00  INFO 22360 --- [engflow] [           main] c.d.e.service.DictionaryWarmupService    : Dictionary warm-up finished: 2 words warmed, 4 skipped
2026-09-27T19:40:38.645+07:00  INFO 22360 --- [engflow] [           main] c.d.e.service.DictionaryWarmupService    : Dictionary warm-up starting: 2809 words (cap 500)
2026-09-27T19:40:38.646+07:00  WARN 22360 --- [engflow] [           main] c.d.e.service.DictionaryWarmupService    : Dictionary warm-up aborted at 'to' (4/500): 5 consecutive empty responses — upstream looks down
2026-09-27T19:40:38.647+07:00  INFO 22360 --- [engflow] [           main] c.d.e.service.DictionaryWarmupService    : Dictionary warm-up finished: 0 words warmed, 5 skipped
2026-09-27T19:40:38.650+07:00  INFO 22360 --- [engflow] [           main] c.d.e.service.DictionaryWarmupService    : Dictionary warm-up starting: 2809 words (cap 3)
2026-09-27T19:40:38.651+07:00  INFO 22360 --- [engflow] [           main] c.d.e.service.DictionaryWarmupService    : Dictionary warm-up finished: 2 words warmed, 1 skipped
2026-09-27T19:40:38.655+07:00  INFO 22360 --- [engflow] [           main] c.d.e.service.DictionaryWarmupService    : Dictionary warm-up starting: 2809 words (cap 500)
2026-09-27T19:40:38.656+07:00  WARN 22360 --- [engflow] [           main] c.d.e.service.DictionaryWarmupService    : Dictionary warm-up aborted at 'to' (4/500): 5 consecutive empty responses — upstream looks down
2026-09-27T19:40:38.656+07:00  INFO 22360 --- [engflow] [           main] c.d.e.service.DictionaryWarmupService    : Dictionary warm-up finished: 0 words warmed, 5 skipped
2026-09-27T19:40:38.660+07:00  INFO 22360 --- [engflow] [           main] c.d.e.service.DictionaryWarmupService    : Dictionary warm-up starting: 2809 words (cap 5)
2026-09-27T19:40:38.660+07:00  INFO 22360 --- [engflow] [           main] c.d.e.service.DictionaryWarmupService    : Dictionary warm-up finished: 5 words warmed, 0 skipped
2026-09-27T19:40:38.670+07:00  INFO 22360 --- [engflow] [           main] c.d.e.service.DictionaryWarmupService    : Dictionary warm-up starting: 2809 words (cap 3)
2026-09-27T19:40:38.670+07:00  INFO 22360 --- [engflow] [           main] c.d.e.service.DictionaryWarmupService    : Dictionary warm-up finished: 3 words warmed, 0 skipped
[INFO] Tests run: 8, Failures: 0, Errors: 0, Skipped: 0, Time elapsed: 0.137 s -- in com.datn.engflow.service.DictionaryWarmupServiceTest
[INFO] Running com.datn.engflow.service.ExerciseServiceAdminAnswerRegressionTest
[INFO] Tests run: 4, Failures: 0, Errors: 0, Skipped: 0, Time elapsed: 0.090 s -- in com.datn.engflow.service.ExerciseServiceAdminAnswerRegressionTest
[INFO] Running com.datn.engflow.service.ExerciseServiceAdminPaginationTest
[INFO] Tests run: 3, Failures: 0, Errors: 0, Skipped: 0, Time elapsed: 0.012 s -- in com.datn.engflow.service.ExerciseServiceAdminPaginationTest
[INFO] Running com.datn.engflow.service.ExerciseServiceGradingTest
[INFO] Tests run: 7, Failures: 0, Errors: 0, Skipped: 0, Time elapsed: 0.018 s -- in com.datn.engflow.service.ExerciseServiceGradingTest
[INFO] Running com.datn.engflow.service.ExerciseServiceMatchingGradingTest
2026-09-27T19:40:38.796+07:00  INFO 22360 --- [engflow] [           main] t.c.s.AnnotationConfigContextLoaderUtils : Could not detect default configuration classes for test class [com.datn.engflow.service.ExerciseServiceMatchingGradingTest]: ExerciseServiceMatchingGradingTest does not declare any static, non-private, non-final, nested classes annotated with @Configuration.
2026-09-27T19:40:38.866+07:00  INFO 22360 --- [engflow] [           main] .b.t.c.SpringBootTestContextBootstrapper : Found @SpringBootConfiguration com.datn.engflow.EngflowApplication for test class com.datn.engflow.service.ExerciseServiceMatchingGradingTest
2026-09-27T19:40:38.867+07:00  INFO 22360 --- [engflow] [           main] t.c.s.AnnotationConfigContextLoaderUtils : Could not detect default configuration classes for test class [com.datn.engflow.service.ExerciseServiceMatchingGradingTest]: ExerciseServiceMatchingGradingTest does not declare any static, non-private, non-final, nested classes annotated with @Configuration.
2026-09-27T19:40:38.867+07:00  INFO 22360 --- [engflow] [           main] .b.t.c.SpringBootTestContextBootstrapper : Found @SpringBootConfiguration com.datn.engflow.EngflowApplication for test class com.datn.engflow.service.ExerciseServiceMatchingGradingTest
[INFO] Tests run: 12, Failures: 0, Errors: 0, Skipped: 0, Time elapsed: 0.522 s -- in com.datn.engflow.service.ExerciseServiceMatchingGradingTest
[INFO] Running com.datn.engflow.service.ExerciseServiceMultipleChoiceOptionsTest
[INFO] Tests run: 12, Failures: 0, Errors: 0, Skipped: 0, Time elapsed: 0.226 s -- in com.datn.engflow.service.ExerciseServiceMultipleChoiceOptionsTest
[INFO] Running com.datn.engflow.service.ExerciseStudyActivityTest
[INFO] Tests run: 4, Failures: 0, Errors: 0, Skipped: 0, Time elapsed: 0.009 s -- in com.datn.engflow.service.ExerciseStudyActivityTest
[INFO] Running com.datn.engflow.service.FlashcardServiceStudyActivityTest
2026-09-27T19:40:39.629+07:00  INFO 22360 --- [engflow] [           main] c.datn.engflow.service.FlashcardService  : Review flashcard: vocabularyId=9, quality=1, email=study@example.test
2026-09-27T19:40:39.633+07:00  INFO 22360 --- [engflow] [           main] c.datn.engflow.service.FlashcardService  : Review flashcard: vocabularyId=9, quality=4, email=study@example.test
2026-09-27T19:40:39.637+07:00  INFO 22360 --- [engflow] [           main] c.datn.engflow.service.FlashcardService  : L?y tr?ng thái flashcard: vocabularyId=9, email=study@example.test
2026-09-27T19:40:39.638+07:00  INFO 22360 --- [engflow] [           main] c.datn.engflow.service.FlashcardService  : L?y tr?ng thái flashcard: vocabularyId=8, email=study@example.test
2026-09-27T19:40:39.639+07:00  INFO 22360 --- [engflow] [           main] c.datn.engflow.service.FlashcardService  : Flashcard study day: userId=42
2026-09-27T19:40:39.642+07:00  INFO 22360 --- [engflow] [           main] c.datn.engflow.service.FlashcardService  : Review flashcard: vocabularyId=9, quality=5, email=study@example.test
[INFO] Tests run: 6, Failures: 0, Errors: 0, Skipped: 0, Time elapsed: 0.088 s -- in com.datn.engflow.service.FlashcardServiceStudyActivityTest
[INFO] Running com.datn.engflow.service.GameServiceTest
2026-09-27T19:40:39.652+07:00  INFO 22360 --- [engflow] [           main] com.datn.engflow.service.GameService     : Created temporary game session in Redis: 4fc1afd2-5744-4046-bc34-5de29113f498
2026-09-27T19:40:39.655+07:00  WARN 22360 --- [engflow] [           main] com.datn.engflow.service.GameService     : Redis unavailable for daily cap check userId=1: Redis down
2026-09-27T19:40:39.656+07:00  WARN 22360 --- [engflow] [           main] com.datn.engflow.service.GameService     : Redis unavailable for daily counter update userId=1: Redis down
2026-09-27T19:40:39.656+07:00  WARN 22360 --- [engflow] [           main] com.datn.engflow.service.GameService     : Failed to delete game session key game:session:sess9: Redis down
2026-09-27T19:40:39.656+07:00  INFO 22360 --- [engflow] [           main] com.datn.engflow.service.GameService     : Submitted game session results and cleared Redis key: sess9
2026-09-27T19:40:39.658+07:00  WARN 22360 --- [engflow] [           main] com.datn.engflow.service.GameService     : Game submit without server validation for session sess5 type QUIZ - trusting client count 5
2026-09-27T19:40:39.662+07:00  INFO 22360 --- [engflow] [           main] com.datn.engflow.service.GameService     : Created temporary game session in Redis: 37f12460-9252-4c72-8ee1-947bb6c80cde
2026-09-27T19:40:39.665+07:00  INFO 22360 --- [engflow] [           main] com.datn.engflow.service.GameService     : Server-validated game score: 1/2 for session sess-manip
2026-09-27T19:40:39.665+07:00  INFO 22360 --- [engflow] [           main] com.datn.engflow.service.GameService     : Submitted game session results and cleared Redis key: sess-manip
2026-09-27T19:40:39.667+07:00  INFO 22360 --- [engflow] [           main] com.datn.engflow.service.GameService     : Server-validated game score: 2/2 for session sess2
2026-09-27T19:40:39.668+07:00  INFO 22360 --- [engflow] [           main] com.datn.engflow.service.GameService     : Submitted game session results and cleared Redis key: sess2
2026-09-27T19:40:39.670+07:00  WARN 22360 --- [engflow] [           main] com.datn.engflow.service.GameService     : Game submit without server validation for session sess6 type QUIZ - trusting client count -1
2026-09-27T19:40:39.675+07:00  INFO 22360 --- [engflow] [           main] com.datn.engflow.service.GameService     : Submitted game session results and cleared Redis key: sess8
2026-09-27T19:40:39.678+07:00  INFO 22360 --- [engflow] [           main] com.datn.engflow.service.GameService     : Submitted game session results and cleared Redis key: sess4
2026-09-27T19:40:39.681+07:00  INFO 22360 --- [engflow] [           main] com.datn.engflow.service.GameService     : Created temporary game session in Redis: c1f3de68-3b2d-4547-9510-8517436abf18
2026-09-27T19:40:39.686+07:00  INFO 22360 --- [engflow] [           main] com.datn.engflow.service.GameService     : Created temporary game session in Redis: cd8021bd-0475-4c14-8d28-10eb04d9f298
2026-09-27T19:40:39.690+07:00  WARN 22360 --- [engflow] [           main] com.datn.engflow.service.GameService     : Daily game points cap reached for user 1
2026-09-27T19:40:39.690+07:00  INFO 22360 --- [engflow] [           main] com.datn.engflow.service.GameService     : Submitted game session results and cleared Redis key: sess7
2026-09-27T19:40:39.696+07:00  INFO 22360 --- [engflow] [           main] com.datn.engflow.service.GameService     : Created temporary game session in Redis: b0ae5b29-f982-484d-bf1d-771075ef2b52
2026-09-27T19:40:39.701+07:00  INFO 22360 --- [engflow] [           main] com.datn.engflow.service.GameService     : Created temporary game session in Redis: 33389264-f868-4794-ae42-8dbdf3eb2de6
[INFO] Tests run: 18, Failures: 0, Errors: 0, Skipped: 0, Time elapsed: 0.058 s -- in com.datn.engflow.service.GameServiceTest
[INFO] Running com.datn.engflow.service.HtmlParserListeningDowngradeTest
[INFO] Tests run: 14, Failures: 0, Errors: 0, Skipped: 0, Time elapsed: 0.011 s -- in com.datn.engflow.service.HtmlParserListeningDowngradeTest
[INFO] Running com.datn.engflow.service.LeaderboardServicePaginationTest
[INFO] Tests run: 2, Failures: 0, Errors: 0, Skipped: 0, Time elapsed: 0.006 s -- in com.datn.engflow.service.LeaderboardServicePaginationTest
[INFO] Running com.datn.engflow.service.LeaderboardStreakBatchTest
[INFO] Tests run: 3, Failures: 0, Errors: 0, Skipped: 0, Time elapsed: 0.006 s -- in com.datn.engflow.service.LeaderboardStreakBatchTest
[INFO] Running com.datn.engflow.service.LessonServicePaginationTest
2026-09-27T19:40:39.886+07:00  INFO 22360 --- [engflow] [           main] com.datn.engflow.service.LessonService   : Xóa bài h?c: id=1
[INFO] Tests run: 4, Failures: 0, Errors: 0, Skipped: 0, Time elapsed: 0.159 s -- in com.datn.engflow.service.LessonServicePaginationTest
[INFO] Running com.datn.engflow.service.PaymentServiceTest
2026-09-27T19:40:40.035+07:00  INFO 22360 --- [engflow] [           main] c.datn.engflow.service.PaymentService    : Premium activated for user 15: MONTH until 2026-10-27
2026-09-27T19:40:40.041+07:00  INFO 22360 --- [engflow] [           main] c.datn.engflow.service.PaymentService    : Premium activated for user 1: MONTH until 2026-10-27
2026-09-27T19:40:40.043+07:00  INFO 22360 --- [engflow] [           main] c.datn.engflow.service.PaymentService    : Duplicate webhook/polling, already processed: ENGABCDEF123456 / txNew
2026-09-27T19:40:40.046+07:00  INFO 22360 --- [engflow] [           main] c.datn.engflow.service.PaymentService    : Premium activated for user 10: YEAR until 2027-09-27
2026-09-27T19:40:40.048+07:00  WARN 22360 --- [engflow] [           main] c.datn.engflow.service.PaymentService    : Invalid HMAC signature from SePay webhook
2026-09-27T19:40:40.052+07:00  INFO 22360 --- [engflow] [           main] c.datn.engflow.service.PaymentService    : Premium activated for user 2: MONTH until 2026-10-27
2026-09-27T19:40:40.054+07:00  INFO 22360 --- [engflow] [           main] c.datn.engflow.service.PaymentService    : Premium activated for user 11: MONTH until 2026-10-27
2026-09-27T19:40:40.060+07:00  INFO 22360 --- [engflow] [           main] c.datn.engflow.service.PaymentService    : Premium activated for user 16: MONTH until 2026-10-27
2026-09-27T19:40:40.063+07:00  INFO 22360 --- [engflow] [           main] c.datn.engflow.service.PaymentService    : Premium activated for user 11: MONTH until 2026-10-27
2026-09-27T19:40:40.065+07:00  WARN 22360 --- [engflow] [           main] c.datn.engflow.service.PaymentService    : Webhook replay rejected: timestamp skew 599935ms exceeds 300000ms window
2026-09-27T19:40:40.065+07:00  WARN 22360 --- [engflow] [           main] c.datn.engflow.service.PaymentService    : Invalid HMAC signature from SePay webhook
2026-09-27T19:40:40.068+07:00  INFO 22360 --- [engflow] [           main] c.datn.engflow.service.PaymentService    : Premium activated for user 14: MONTH until 2026-10-27
2026-09-27T19:40:40.070+07:00  WARN 22360 --- [engflow] [           main] c.datn.engflow.service.PaymentService    : Invalid HMAC signature from SePay webhook
2026-09-27T19:40:40.072+07:00  WARN 22360 --- [engflow] [           main] c.datn.engflow.service.PaymentService    : Invalid HMAC signature from SePay webhook
2026-09-27T19:40:40.076+07:00  INFO 22360 --- [engflow] [           main] c.datn.engflow.service.PaymentService    : Premium activated for user 3: YEAR until 2027-09-27
2026-09-27T19:40:40.078+07:00  INFO 22360 --- [engflow] [           main] c.datn.engflow.service.PaymentService    : Duplicate webhook/polling, already processed: ENGABCDEF123456 / txDup
2026-09-27T19:40:40.082+07:00  WARN 22360 --- [engflow] [           main] c.datn.engflow.service.PaymentService    : Webhook replay rejected: timestamp skew 600081ms exceeds 300000ms window
2026-09-27T19:40:40.082+07:00  WARN 22360 --- [engflow] [           main] c.datn.engflow.service.PaymentService    : Invalid HMAC signature from SePay webhook
2026-09-27T19:40:40.089+07:00  WARN 22360 --- [engflow] [           main] c.datn.engflow.service.PaymentService    : No valid orderCode in transaction content: random content without code
2026-09-27T19:40:40.093+07:00  INFO 22360 --- [engflow] [           main] c.datn.engflow.service.PaymentService    : Premium activated for user 9: MONTH until 2026-10-27
2026-09-27T19:40:40.100+07:00  WARN 22360 --- [engflow] [           main] c.datn.engflow.service.PaymentService    : No pending order found for: ENGABCDEF123456
2026-09-27T19:40:40.103+07:00  WARN 22360 --- [engflow] [           main] c.datn.engflow.service.PaymentService    : Webhook rejected: transfer amount 9999 less than order amount 10000 for ENGABCDEF123456
2026-09-27T19:40:40.106+07:00  WARN 22360 --- [engflow] [           main] c.datn.engflow.service.PaymentService    : Webhook replay check failed: non-numeric X-Sepay-Timestamp
2026-09-27T19:40:40.106+07:00  WARN 22360 --- [engflow] [           main] c.datn.engflow.service.PaymentService    : Invalid HMAC signature from SePay webhook
2026-09-27T19:40:40.115+07:00  INFO 22360 --- [engflow] [           main] c.datn.engflow.service.PaymentService    : Premium activated for user 12: MONTH until 2026-10-27
2026-09-27T19:40:40.120+07:00  INFO 22360 --- [engflow] [           main] c.datn.engflow.service.PaymentService    : Premium activated for user 7: MONTH until 2026-10-27
2026-09-27T19:40:40.125+07:00  INFO 22360 --- [engflow] [           main] c.datn.engflow.service.PaymentService    : SePay API polling detected payment for order: ENGABCDEF123456
2026-09-27T19:40:40.125+07:00  INFO 22360 --- [engflow] [           main] c.datn.engflow.service.PaymentService    : Premium activated for user 1: MONTH until 2026-10-27
2026-09-27T19:40:40.132+07:00  INFO 22360 --- [engflow] [           main] c.datn.engflow.service.PaymentService    : Premium activated for user 17: MONTH until 2026-10-27
2026-09-27T19:40:40.137+07:00  WARN 22360 --- [engflow] [           main] c.datn.engflow.service.PaymentService    : Webhook missing transaction id
[INFO] Tests run: 34, Failures: 0, Errors: 0, Skipped: 0, Time elapsed: 0.247 s -- in com.datn.engflow.service.PaymentServiceTest
[INFO] Running com.datn.engflow.service.SePayApiServiceTest
2026-09-27T19:40:40.145+07:00  INFO 22360 --- [engflow] [           main] c.datn.engflow.service.SePayApiService   : SePay API token configured. Webhook fallback polling is ENABLED.
2026-09-27T19:40:40.145+07:00  WARN 22360 --- [engflow] [           main] c.datn.engflow.service.SePayApiService   : SEPAY_API_TOKEN is NOT configured! SePay webhook fallback polling will be DISABLED.
2026-09-27T19:40:40.145+07:00  WARN 22360 --- [engflow] [           main] c.datn.engflow.service.SePayApiService   : Set SEPAY_API_TOKEN in .env (my.sepay.vn -> Cau hinh Cong ty -> API Access -> + Them API), then rebuild Docker.
2026-09-27T19:40:40.145+07:00  WARN 22360 --- [engflow] [           main] c.datn.engflow.service.SePayApiService   : Without it, manual bank transfers will NOT be detected automatically.
2026-09-27T19:40:40.147+07:00  INFO 22360 --- [engflow] [           main] c.datn.engflow.service.SePayApiService   : SePay API token configured. Webhook fallback polling is ENABLED.
2026-09-27T19:40:40.156+07:00  INFO 22360 --- [engflow] [           main] c.datn.engflow.service.SePayApiService   : SePay API token configured. Webhook fallback polling is ENABLED.
2026-09-27T19:40:40.157+07:00  INFO 22360 --- [engflow] [           main] c.datn.engflow.service.SePayApiService   : SePay API found matching transaction for order code: ENGABCDEF123456
2026-09-27T19:40:40.159+07:00  INFO 22360 --- [engflow] [           main] c.datn.engflow.service.SePayApiService   : SePay API token configured. Webhook fallback polling is ENABLED.
2026-09-27T19:40:40.160+07:00  WARN 22360 --- [engflow] [           main] c.datn.engflow.service.SePayApiService   : SePay API rate limited (429), retry-after=nulls; will be retried on next status poll
2026-09-27T19:40:40.161+07:00  INFO 22360 --- [engflow] [           main] c.datn.engflow.service.SePayApiService   : SePay API token configured. Webhook fallback polling is ENABLED.
2026-09-27T19:40:40.163+07:00  INFO 22360 --- [engflow] [           main] c.datn.engflow.service.SePayApiService   : SePay API found matching transaction for order code: ENGABCDEF123456
2026-09-27T19:40:40.164+07:00  INFO 22360 --- [engflow] [           main] c.datn.engflow.service.SePayApiService   : SePay API token configured. Webhook fallback polling is ENABLED.
2026-09-27T19:40:40.165+07:00  INFO 22360 --- [engflow] [           main] c.datn.engflow.service.SePayApiService   : SePay API found matching transaction for order code: ENG_0AC7BB0C1694
2026-09-27T19:40:40.167+07:00  INFO 22360 --- [engflow] [           main] c.datn.engflow.service.SePayApiService   : SePay API token configured. Webhook fallback polling is ENABLED.
2026-09-27T19:40:40.170+07:00  INFO 22360 --- [engflow] [           main] c.datn.engflow.service.SePayApiService   : SePay API token configured. Webhook fallback polling is ENABLED.
2026-09-27T19:40:40.172+07:00  INFO 22360 --- [engflow] [           main] c.datn.engflow.service.SePayApiService   : SePay API token configured. Webhook fallback polling is ENABLED.
2026-09-27T19:40:40.173+07:00  INFO 22360 --- [engflow] [           main] c.datn.engflow.service.SePayApiService   : SePay API found matching transaction for order code: ENGABCDEF123456
2026-09-27T19:40:40.175+07:00  INFO 22360 --- [engflow] [           main] c.datn.engflow.service.SePayApiService   : SePay API token configured. Webhook fallback polling is ENABLED.
2026-09-27T19:40:40.175+07:00  WARN 22360 --- [engflow] [           main] c.datn.engflow.service.SePayApiService   : SEPAY_API_TOKEN is NOT configured! SePay webhook fallback polling will be DISABLED.
2026-09-27T19:40:40.175+07:00  WARN 22360 --- [engflow] [           main] c.datn.engflow.service.SePayApiService   : Set SEPAY_API_TOKEN in .env (my.sepay.vn -> Cau hinh Cong ty -> API Access -> + Them API), then rebuild Docker.
2026-09-27T19:40:40.175+07:00  WARN 22360 --- [engflow] [           main] c.datn.engflow.service.SePayApiService   : Without it, manual bank transfers will NOT be detected automatically.
2026-09-27T19:40:40.175+07:00  WARN 22360 --- [engflow] [           main] c.datn.engflow.service.SePayApiService   : SePay API token not configured, cannot poll for transactions
2026-09-27T19:40:40.175+07:00  INFO 22360 --- [engflow] [           main] c.datn.engflow.service.SePayApiService   : SePay API token configured. Webhook fallback polling is ENABLED.
2026-09-27T19:40:40.178+07:00  WARN 22360 --- [engflow] [           main] c.datn.engflow.service.SePayApiService   : SePay API polling failed for order code ENGABCDEF123456: Connection reset
2026-09-27T19:40:40.178+07:00  INFO 22360 --- [engflow] [           main] c.datn.engflow.service.SePayApiService   : SePay API token configured. Webhook fallback polling is ENABLED.
2026-09-27T19:40:40.181+07:00  INFO 22360 --- [engflow] [           main] c.datn.engflow.service.SePayApiService   : SePay API token configured. Webhook fallback polling is ENABLED.
2026-09-27T19:40:40.183+07:00  INFO 22360 --- [engflow] [           main] c.datn.engflow.service.SePayApiService   : SePay API found matching transaction for order code: ENGABCDEF123456
[INFO] Tests run: 13, Failures: 0, Errors: 0, Skipped: 0, Time elapsed: 0.041 s -- in com.datn.engflow.service.SePayApiServiceTest
[INFO] Running com.datn.engflow.service.ShadowingAiGradingServiceTest
2026-09-27T19:40:40.514+07:00  WARN 22360 --- [engflow] [           main] c.d.e.service.ShadowingAiGradingService  : Shadowing LLM feedback failed: LLM không ph?n h?i
2026-09-27T19:40:40.524+07:00  WARN 22360 --- [engflow] [           main] c.d.e.service.ShadowingAiGradingService  : Shadowing LLM feedback ignored (empty or non-Vietnamese)
[INFO] Tests run: 7, Failures: 0, Errors: 0, Skipped: 0, Time elapsed: 0.349 s -- in com.datn.engflow.service.ShadowingAiGradingServiceTest
[INFO] Running com.datn.engflow.service.SpeakingPromptServicePaginationTest
[INFO] Tests run: 5, Failures: 0, Errors: 0, Skipped: 0, Time elapsed: 0.014 s -- in com.datn.engflow.service.SpeakingPromptServicePaginationTest
[INFO] Running com.datn.engflow.service.SpeakingSubmissionServiceAssessmentTest
[INFO] Tests run: 5, Failures: 0, Errors: 0, Skipped: 0, Time elapsed: 0.105 s -- in com.datn.engflow.service.SpeakingSubmissionServiceAssessmentTest
[INFO] Running com.datn.engflow.service.SpeakingSubmissionServiceAuthorizationTest
[INFO] Tests run: 3, Failures: 0, Errors: 0, Skipped: 0, Time elapsed: 0.006 s -- in com.datn.engflow.service.SpeakingSubmissionServiceAuthorizationTest
[INFO] Running com.datn.engflow.service.SpeakingSubmissionServiceManualGradingTest
[INFO] Tests run: 3, Failures: 0, Errors: 0, Skipped: 0, Time elapsed: 0.014 s -- in com.datn.engflow.service.SpeakingSubmissionServiceManualGradingTest
[INFO] Running com.datn.engflow.service.SpeakingSubmissionServicePaginationTest
[INFO] Tests run: 4, Failures: 0, Errors: 0, Skipped: 0, Time elapsed: 0.016 s -- in com.datn.engflow.service.SpeakingSubmissionServicePaginationTest
[INFO] Running com.datn.engflow.service.SrsDueWordsAuthzTest
[INFO] Tests run: 5, Failures: 0, Errors: 0, Skipped: 0, Time elapsed: 0.028 s -- in com.datn.engflow.service.SrsDueWordsAuthzTest
[INFO] Running com.datn.engflow.service.SrsStudyActivityTest
[INFO] Tests run: 3, Failures: 0, Errors: 0, Skipped: 0, Time elapsed: 0.009 s -- in com.datn.engflow.service.SrsStudyActivityTest
[INFO] Running com.datn.engflow.service.StreakEmptyActivityTest
[INFO] Tests run: 1, Failures: 0, Errors: 0, Skipped: 0, Time elapsed: 0.002 s -- in com.datn.engflow.service.StreakEmptyActivityTest
[INFO] Running com.datn.engflow.service.StreakReminderSchedulerTest
2026-09-27T19:40:40.814+07:00  INFO 22360 --- [engflow] [           main] c.d.e.service.StreakReminderScheduler    : Starting daily streak reminder job (scheduled trigger)...
2026-09-27T19:40:40.814+07:00  INFO 22360 --- [engflow] [           main] c.d.e.service.StreakReminderScheduler    : Found 1 at-risk users (studied yesterday, not today).
2026-09-27T19:40:40.815+07:00 ERROR 22360 --- [engflow] [           main] c.d.e.service.StreakReminderScheduler    : Error sending at-risk reminder to risk@test.com: SMTP down
2026-09-27T19:40:40.815+07:00  INFO 22360 --- [engflow] [           main] c.d.e.service.StreakReminderScheduler    : Found 0 broken-streak users (inactive >= 2 days).
2026-09-27T19:40:40.815+07:00  WARN 22360 --- [engflow] [           main] c.d.e.service.StreakReminderScheduler    : Streak reminder job partially failed — released marker streak:reminder:2026-09-27 for retry.
2026-09-27T19:40:40.817+07:00  WARN 22360 --- [engflow] [           main] c.d.e.service.StreakReminderScheduler    : Streak reminder retry budget exhausted for 2026-09-27 — releasing marker and skipping scheduled.
2026-09-27T19:40:40.818+07:00  INFO 22360 --- [engflow] [           main] c.d.e.service.StreakReminderScheduler    : Streak reminder already ran today (marker streak:reminder:2026-09-27), skip scheduled trigger.
2026-09-27T19:40:40.819+07:00  INFO 22360 --- [engflow] [           main] c.d.e.service.StreakReminderScheduler    : Starting daily streak reminder job (scheduled trigger)...
2026-09-27T19:40:40.819+07:00  INFO 22360 --- [engflow] [           main] c.d.e.service.StreakReminderScheduler    : Found 0 at-risk users (studied yesterday, not today).
2026-09-27T19:40:40.819+07:00  INFO 22360 --- [engflow] [           main] c.d.e.service.StreakReminderScheduler    : Found 1 broken-streak users (inactive >= 2 days).
2026-09-27T19:40:40.820+07:00  INFO 22360 --- [engflow] [           main] c.d.e.service.StreakReminderScheduler    : Finished daily streak reminder job (scheduled trigger).
2026-09-27T19:40:40.821+07:00  INFO 22360 --- [engflow] [           main] c.d.e.service.StreakReminderScheduler    : Starting daily streak reminder job (scheduled trigger)...
2026-09-27T19:40:40.823+07:00  INFO 22360 --- [engflow] [           main] c.d.e.service.StreakReminderScheduler    : Found 0 at-risk users (studied yesterday, not today).
2026-09-27T19:40:40.823+07:00  INFO 22360 --- [engflow] [           main] c.d.e.service.StreakReminderScheduler    : Found 1 broken-streak users (inactive >= 2 days).
2026-09-27T19:40:40.823+07:00  INFO 22360 --- [engflow] [           main] c.d.e.service.StreakReminderScheduler    : Finished daily streak reminder job (scheduled trigger).
2026-09-27T19:40:40.825+07:00  INFO 22360 --- [engflow] [           main] c.d.e.service.StreakReminderScheduler    : Starting daily streak reminder job (scheduled trigger)...
2026-09-27T19:40:40.825+07:00  INFO 22360 --- [engflow] [           main] c.d.e.service.StreakReminderScheduler    : Found 1 at-risk users (studied yesterday, not today).
2026-09-27T19:40:40.825+07:00  INFO 22360 --- [engflow] [           main] c.d.e.service.StreakReminderScheduler    : Found 1 broken-streak users (inactive >= 2 days).
2026-09-27T19:40:40.825+07:00  INFO 22360 --- [engflow] [           main] c.d.e.service.StreakReminderScheduler    : Finished daily streak reminder job (scheduled trigger).
2026-09-27T19:40:40.827+07:00  INFO 22360 --- [engflow] [           main] c.d.e.service.StreakReminderScheduler    : Starting daily streak reminder job (scheduled trigger)...
2026-09-27T19:40:40.828+07:00  INFO 22360 --- [engflow] [           main] c.d.e.service.StreakReminderScheduler    : Found 0 at-risk users (studied yesterday, not today).
2026-09-27T19:40:40.828+07:00  INFO 22360 --- [engflow] [           main] c.d.e.service.StreakReminderScheduler    : Found 1 broken-streak users (inactive >= 2 days).
2026-09-27T19:40:40.828+07:00  INFO 22360 --- [engflow] [           main] c.d.e.service.StreakReminderScheduler    : Finished daily streak reminder job (scheduled trigger).
2026-09-27T19:40:40.830+07:00  INFO 22360 --- [engflow] [           main] c.d.e.service.StreakReminderScheduler    : Starting daily streak reminder job (catch-up trigger)...
2026-09-27T19:40:40.830+07:00  INFO 22360 --- [engflow] [           main] c.d.e.service.StreakReminderScheduler    : Found 0 at-risk users (studied yesterday, not today).
2026-09-27T19:40:40.830+07:00  INFO 22360 --- [engflow] [           main] c.d.e.service.StreakReminderScheduler    : Found 0 broken-streak users (inactive >= 2 days).
2026-09-27T19:40:40.830+07:00  INFO 22360 --- [engflow] [           main] c.d.e.service.StreakReminderScheduler    : Finished daily streak reminder job (catch-up trigger).
2026-09-27T19:40:40.833+07:00  INFO 22360 --- [engflow] [           main] c.d.e.service.StreakReminderScheduler    : Starting daily streak reminder job (scheduled trigger)...
2026-09-27T19:40:40.833+07:00  INFO 22360 --- [engflow] [           main] c.d.e.service.StreakReminderScheduler    : Found 1 at-risk users (studied yesterday, not today).
2026-09-27T19:40:40.833+07:00  INFO 22360 --- [engflow] [           main] c.d.e.service.StreakReminderScheduler    : Found 0 broken-streak users (inactive >= 2 days).
2026-09-27T19:40:40.833+07:00  INFO 22360 --- [engflow] [           main] c.d.e.service.StreakReminderScheduler    : Finished daily streak reminder job (scheduled trigger).
2026-09-27T19:40:40.837+07:00  INFO 22360 --- [engflow] [           main] c.d.e.service.StreakReminderScheduler    : Starting daily streak reminder job (scheduled trigger)...
2026-09-27T19:40:40.837+07:00  INFO 22360 --- [engflow] [           main] c.d.e.service.StreakReminderScheduler    : Found 1 at-risk users (studied yesterday, not today).
2026-09-27T19:40:40.837+07:00  INFO 22360 --- [engflow] [           main] c.d.e.service.StreakReminderScheduler    : Skip at-risk reminder for user 1 — already sent today.
2026-09-27T19:40:40.837+07:00  INFO 22360 --- [engflow] [           main] c.d.e.service.StreakReminderScheduler    : Found 1 broken-streak users (inactive >= 2 days).
2026-09-27T19:40:40.846+07:00  WARN 22360 --- [engflow] [           main] c.d.e.service.StreakReminderScheduler    : Redis unavailable for comeback suppression check userId=2: 
Strict stubbing argument mismatch. Please check:
 - this invocation of 'hasKey' method:
    redisTemplate.hasKey("streak:comeback:2");
    -> at com.datn.engflow.service.StreakReminderScheduler.isComebackSuppressed(StreakReminderScheduler.java:195)
 - has following stubbing(s) with different arguments:
    1. redisTemplate.hasKey(
    "streak:sent:2026-09-27:2"
);
      -> at com.datn.engflow.service.StreakReminderSchedulerTest.runReminderJob_userAlreadySentToday_skipsResend(StreakReminderSchedulerTest.java:231)
Typically, stubbing argument mismatch indicates user mistake when writing tests.
Mockito fails early so that you can debug potential problem easily.
However, there are legit scenarios when this exception generates false negative signal:
  - stubbing the same method multiple times using 'given().will()' or 'when().then()' API
    Please use 'will().given()' or 'doReturn().when()' API for stubbing.
  - stubbed method is intentionally invoked with different arguments by code under test
    Please use default or 'silent' JUnit Rule (equivalent of Strictness.LENIENT).
For more information see javadoc for PotentialStubbingProblem class.
2026-09-27T19:40:40.847+07:00  INFO 22360 --- [engflow] [           main] c.d.e.service.StreakReminderScheduler    : Skip comeback mail for user 2 — already sent today.
2026-09-27T19:40:40.847+07:00  INFO 22360 --- [engflow] [           main] c.d.e.service.StreakReminderScheduler    : Finished daily streak reminder job (scheduled trigger).
2026-09-27T19:40:40.849+07:00  WARN 22360 --- [engflow] [           main] c.d.e.service.StreakReminderScheduler    : Redis unavailable for marker streak:reminder:2026-09-27 (trigger=scheduled): Redis unavailable
2026-09-27T19:40:40.849+07:00  WARN 22360 --- [engflow] [           main] c.d.e.service.StreakReminderScheduler    : Redis unavailable for marker streak:reminder:2026-09-27 (trigger=scheduled) — skipping this run to avoid duplicate mails.
2026-09-27T19:40:40.851+07:00  INFO 22360 --- [engflow] [           main] c.d.e.service.StreakReminderScheduler    : Starting daily streak reminder job (scheduled trigger)...
2026-09-27T19:40:40.851+07:00  INFO 22360 --- [engflow] [           main] c.d.e.service.StreakReminderScheduler    : Found 1 at-risk users (studied yesterday, not today).
2026-09-27T19:40:40.851+07:00  INFO 22360 --- [engflow] [           main] c.d.e.service.StreakReminderScheduler    : Found 0 broken-streak users (inactive >= 2 days).
2026-09-27T19:40:40.851+07:00  INFO 22360 --- [engflow] [           main] c.d.e.service.StreakReminderScheduler    : Finished daily streak reminder job (scheduled trigger).
2026-09-27T19:40:40.853+07:00  INFO 22360 --- [engflow] [           main] c.d.e.service.StreakReminderScheduler    : Starting daily streak reminder job (catch-up trigger)...
2026-09-27T19:40:40.853+07:00  INFO 22360 --- [engflow] [           main] c.d.e.service.StreakReminderScheduler    : Found 0 at-risk users (studied yesterday, not today).
2026-09-27T19:40:40.853+07:00  INFO 22360 --- [engflow] [           main] c.d.e.service.StreakReminderScheduler    : Found 0 broken-streak users (inactive >= 2 days).
2026-09-27T19:40:40.853+07:00  INFO 22360 --- [engflow] [           main] c.d.e.service.StreakReminderScheduler    : Finished daily streak reminder job (catch-up trigger).
2026-09-27T19:40:40.856+07:00  INFO 22360 --- [engflow] [           main] c.d.e.service.StreakReminderScheduler    : Starting daily streak reminder job (scheduled trigger)...
2026-09-27T19:40:40.857+07:00  INFO 22360 --- [engflow] [           main] c.d.e.service.StreakReminderScheduler    : Found 2 at-risk users (studied yesterday, not today).
2026-09-27T19:40:40.857+07:00 ERROR 22360 --- [engflow] [           main] c.d.e.service.StreakReminderScheduler    : Error sending at-risk reminder to first@test.com: SMTP down
2026-09-27T19:40:40.857+07:00  INFO 22360 --- [engflow] [           main] c.d.e.service.StreakReminderScheduler    : Found 0 broken-streak users (inactive >= 2 days).
2026-09-27T19:40:40.857+07:00  WARN 22360 --- [engflow] [           main] c.d.e.service.StreakReminderScheduler    : Streak reminder job partially failed — released marker streak:reminder:2026-09-27 for retry.
[INFO] Tests run: 16, Failures: 0, Errors: 0, Skipped: 0, Time elapsed: 0.118 s -- in com.datn.engflow.service.StreakReminderSchedulerTest
[INFO] Running com.datn.engflow.service.StreakServiceTest
[INFO] Tests run: 4, Failures: 0, Errors: 0, Skipped: 0, Time elapsed: 0.004 s -- in com.datn.engflow.service.StreakServiceTest
[INFO] Running com.datn.engflow.service.StudyActivityServiceTest
2026-09-27T19:40:40.882+07:00 ERROR 22360 --- [engflow] [           main] c.d.e.service.StudyActivityService       : study_policy row (id=1) is missing — streak cannot compute an effective date. Run the reviewed deployment script tasks/streak-study/deploy.sql (-v EffectiveFrom=YYYY-MM-DD BackupFile=<server-local backup path>) before starting this backend.
[INFO] Tests run: 9, Failures: 0, Errors: 0, Skipped: 0, Time elapsed: 0.026 s -- in com.datn.engflow.service.StudyActivityServiceTest
[INFO] Running com.datn.engflow.service.StudyReminderEmailTest
2026-09-27T19:40:41.080+07:00  INFO 22360 --- [engflow] [           main] com.datn.engflow.service.EmailService    : password-reset OTP sent to: learner@example.test
2026-09-27T19:40:41.163+07:00  INFO 22360 --- [engflow] [           main] com.datn.engflow.service.EmailService    : streak reminder sent to: learner@example.test
[INFO] Tests run: 2, Failures: 0, Errors: 0, Skipped: 0, Time elapsed: 0.275 s -- in com.datn.engflow.service.StudyReminderEmailTest
[INFO] Running com.datn.engflow.service.StudySqlIntegrationTest
[WARNING] Tests run: 7, Failures: 0, Errors: 0, Skipped: 7, Time elapsed: 0 s -- in com.datn.engflow.service.StudySqlIntegrationTest
[INFO] Running com.datn.engflow.service.SubtitleParserTest
[INFO] Tests run: 4, Failures: 0, Errors: 0, Skipped: 0, Time elapsed: 0.003 s -- in com.datn.engflow.service.SubtitleParserTest
[INFO] Running com.datn.engflow.service.SubtitleTranslationServiceTest
2026-09-27T19:40:41.176+07:00  WARN 22360 --- [engflow] [           main] c.d.e.s.SubtitleTranslationService       : Subtitle translation failed: LLM không ph?n h?i
[INFO] Tests run: 4, Failures: 0, Errors: 0, Skipped: 0, Time elapsed: 0.006 s -- in com.datn.engflow.service.SubtitleTranslationServiceTest
[INFO] Running com.datn.engflow.service.UserServicePremiumAndQuotaTest
[INFO] Tests run: 19, Failures: 0, Errors: 0, Skipped: 0, Time elapsed: 0.008 s -- in com.datn.engflow.service.UserServicePremiumAndQuotaTest
[INFO] Running com.datn.engflow.service.UserServiceRegisterConflictTest
[INFO] Tests run: 2, Failures: 0, Errors: 0, Skipped: 0, Time elapsed: 0.187 s -- in com.datn.engflow.service.UserServiceRegisterConflictTest
[INFO] Running com.datn.engflow.service.UserServiceStudyActivityTest
2026-09-27T19:40:41.380+07:00  INFO 22360 --- [engflow] [           main] com.datn.engflow.service.UserService     : B?t ??u ??ng nh?p cho email: study@example.test
2026-09-27T19:40:41.381+07:00  INFO 22360 --- [engflow] [           main] com.datn.engflow.service.UserService     : ??ng nh?p thành công cho user: id=42, isAdmin=false
[INFO] Tests run: 2, Failures: 0, Errors: 0, Skipped: 0, Time elapsed: 0.014 s -- in com.datn.engflow.service.UserServiceStudyActivityTest
[INFO] Running com.datn.engflow.service.VideoLessonServiceTest
[INFO] Tests run: 2, Failures: 0, Errors: 0, Skipped: 0, Time elapsed: 0.004 s -- in com.datn.engflow.service.VideoLessonServiceTest
[INFO] Running com.datn.engflow.service.VocabularyServiceTest
2026-09-27T19:40:41.419+07:00  WARN 22360 --- [engflow] [           main] c.d.engflow.service.VocabularyService    : T? ch?i g?n lesson: user=7 lessonId=42 (không ph?i admin)
[INFO] Tests run: 7, Failures: 0, Errors: 0, Skipped: 0, Time elapsed: 0.023 s -- in com.datn.engflow.service.VocabularyServiceTest
[INFO] Running com.datn.engflow.service.YouTubeTranscriptServiceParsingTest
[INFO] Tests run: 7, Failures: 0, Errors: 0, Skipped: 0, Time elapsed: 0.008 s -- in com.datn.engflow.service.YouTubeTranscriptServiceParsingTest
[INFO] Running com.datn.engflow.VocabularyDataSeederTest
2026-09-27T19:40:41.431+07:00  INFO 22360 --- [engflow] [           main] t.c.s.AnnotationConfigContextLoaderUtils : Could not detect default configuration classes for test class [com.datn.engflow.VocabularyDataSeederTest]: VocabularyDataSeederTest does not declare any static, non-private, non-final, nested classes annotated with @Configuration.
2026-09-27T19:40:41.432+07:00  INFO 22360 --- [engflow] [           main] .b.t.c.SpringBootTestContextBootstrapper : Found @SpringBootConfiguration com.datn.engflow.EngflowApplication for test class com.datn.engflow.VocabularyDataSeederTest
2026-09-27T19:40:41.433+07:00  INFO 22360 --- [engflow] [           main] t.c.s.AnnotationConfigContextLoaderUtils : Could not detect default configuration classes for test class [com.datn.engflow.VocabularyDataSeederTest]: VocabularyDataSeederTest does not declare any static, non-private, non-final, nested classes annotated with @Configuration.
2026-09-27T19:40:41.435+07:00  INFO 22360 --- [engflow] [           main] .b.t.c.SpringBootTestContextBootstrapper : Found @SpringBootConfiguration com.datn.engflow.EngflowApplication for test class com.datn.engflow.VocabularyDataSeederTest
[INFO] Tests run: 4, Failures: 0, Errors: 0, Skipped: 0, Time elapsed: 0.206 s -- in com.datn.engflow.VocabularyDataSeederTest
[INFO] 
[INFO] Results:
[INFO] 
[INFO] Tests run: 537, Failures: 0, Errors: 0, Skipped: 11
[INFO] 
[INFO] ------------------------------------------------------------------------
[INFO] BUILD SUCCESS
[INFO] ------------------------------------------------------------------------
[INFO] Total time:  48.698 s
[INFO] Finished at: 2026-09-27T19:40:42+07:00
[INFO] ------------------------------------------------------------------------
